Workbook
Name IPP: #REF!
Name IPP: #REF!
Name IPP: #REF!
Name IPP: #REF!
Name IPP: #REF!
Name IPP: #REF!
Name IPP: #REF!
Name IPP: #REF!
Name IPP: #REF!
Name IPP: #REF!
Name IPP: #REF!
Name IPP: #REF!
Name IPP: #REF!
Name IPP: #REF!
Name IPP: #REF!
Name IPP: #REF!
Name IPP: #REF!
Name IPP: #REF!
Name IPP: #REF!
Name IPP: #REF!
Name IPP: #REF!
Name IPP: #REF!
Name IPP: #REF!
Name IPP: #REF!
Name IPP: #REF!
Name IPP: #REF!
Name IPP: #REF!
Name IPP: #REF!
Name IPP: #REF!
Name IPP: #REF!
Name IPP: #REF!
Name IPP: #REF!
Name IPP: #REF!
Name IPP: #REF!
Name ippp: #REF!
Name ippp: #REF!
Name ippp: #REF!
Name ippp: #REF!
Name ippp: #REF!
Name ippp: #REF!
Name ippp: #REF!
Name ippp: #REF!
Name ippp: #REF!
Name ippp: #REF!
Name ippp: #REF!
Name ippp: #REF!
Name ippp: #REF!
Name ippp: #REF!
Name ippp: #REF!
Name ippp: #REF!
Name ippp: #REF!
Name ippp: #REF!
Name ippp: #REF!
Name ippp: #REF!
Name ippp: #REF!
Name ippp: #REF!
Name ippp: #REF!
Name ippp: #REF!
Name ippp: #REF!
Name ippp: #REF!

Sheet 0
A1: LOAD DISPATCH CENTRE, NEPAL ELECTRICITY AUTHORITY DAILY SYSTEM OPERATION LOG FOR INPS | AG1: Installed Capacity (MW)
B2: Bhai | D2: Sim | F2: Ktm | H2: Brt | J2: Rainfall | K2: Bhai | L2: Sim | M2: Ktm | N2: Brt | AG2: =AG58 -> 1042.4 | AH2: IPP
V3: * other ipp reduced to 210 due to addition of rudi khola a in log sheet | X3: llkkjmj | AG3: =AG76 -> 489.91 | AH3: NEA RoR
A4: Nepali Date: | B4: ="2080/"&"10/"&INT(MID(CELL("filename",D6),FIND("]",CELL("filename",D6))+1,200)) -> 2080/10/0 | E4: ="2080/"&"10/"&INT(MID(CELL("filename",G6),FIND("]",CELL("filename",G6))+1,200)) -> 2080/10/0 | H4: =TEXT(E4,"dddd") -> 2080/10/0 | K4: ="Total Peak Supply(Inclusive of Export) ("&ROUND(B264,0)&" MW)"&" IPP = "&ROUND(B259,0)&" MW NEA RoR = "&ROUND(B260,0)&" MWImport = "&ROUND(B262,0)&" MW KL1+KL2+K3 = "&ROUND(B261,0) &" MW EXPORT = "&ROUND(B263,0) -> Total Peak Supply(Inclusive of Export) (0 MW) IPP = 0 MW NEA RoR = 0 MWImport = 0 MW KL1+KL2+K3 = 0 MW EXPORT = 0 | AG4: =AG80 -> 106 | AH4: NEA Storage
B5: =C92 -> 495.8 | C5: =D92 -> 507.2 | D5: =E92 -> 531.4 | E5: =F92 -> 520.5 | F5: =G92 -> 567.04 | G5: =H92 -> 571.7 | H5: =I92 -> 569.7 | I5: =J92 -> 620.5 | ... AE5: =AF92 -> 605.5 | AF5: =B92 -> 508.6
K6: ="Evening Peak "&ROUND(B264,0)&"MW at "&TRUNC(B265*24,0)&":"&ROUND((B265*24-TRUNC(B265*24,0))*60,0)&"hr at "&ROUND(B266,1)&"Hz "&A256&" "&ROUND(B256,0)&"MW at "&TRUNC(C256*24,0)&":"&ROUND((C256*24-TRUNC(C256*24,0))*6,0)&"0hr" -> Evening Peak 0MW at 0:0hr at 0Hz Morning Peak 1769MW at 7:30hr | AG6: =SUM(AG2:AG4) -> 1638.31 | AH6: Total Hydro
A7: ="Base Load="&ROUND(MIN($B$7:$AF$7),0) -> Base Load=1137 | B7: =B100 -> 1163.14 | C7: =C100 -> 1148.24 | D7: =D100 -> 1159.94 | E7: =E100 -> 1149.14 | F7: =F100 -> 1137.44 | G7: =G100 -> 1224.48 | H7: =H100 -> 1335.64 | I7: =I100 -> 1422.34 | ... AF7: =AF100 -> 1223.79
B8: Night Shift(Contd..) | M8: Morning Shift | S8: Day Shift | AB8: Night Shift
A9: Hrs. Source | B9: 0 | C9: 0.041666667 | D9: 0.083333333 | E9: 0.125 | F9: 0.16666667 | G9: 0.20833333 | H9: 0.22916667 | I9: 0.25 | J9: 0.27083333 | K9: 0.29166667 | L9: 0.3125 | M9: 0.33333333 | N9: 0.375 | O9: 0.41666667 | P9: 0.45833333 | Q9: 0.5 | R9: 0.54166667 | S9: 0.58333333 | T9: 0.625 | U9: 0.66666667 | V9: 0.70833333 | W9: 0.72916667 | X9: 0.75 | Y9: 0.77083333 | Z9: 0.79166667 | AA9: 0.8125 | AB9: 0.83333333 | AC9: 0.85416667 | AD9: 0.875 | AE9: 0.91666667 | AF9: 0.95833333 | AG9: Installed Capacity (MW)
A11: Solu Khola Dudhkoshi(86) | B11: 27.6 | C11: 27.6 | D11: 27.6 | E11: 27.6 | F11: 27.6 | G11: 27.6 | H11: 27.6 | I11: 27.6 | J11: 27.6 | K11: 27.6 | L11: 27.6 | M11: 28.9 | N11: 27.2 | O11: 27.2 | P11: 26.9 | Q11: 27.2 | R11: 28.9 | S11: 28.9 | T11: 28.9 | U11: 28.9 | V11: 28.9 | W11: 28.9 | X11: 28.9 | Y11: 28.9 | Z11: 28.9 | AA11: 28.9 | AB11: 30.5 | AC11: 30.5 | AD11: 30.5 | AE11: 30.5 | AF11: 30.5 | AG11: 86 | AH11: =MAX(B11:AF11) -> 30.5 | AI11: =MIN(B11:AF11) -> 26.9
A12: Likhu-II(55) | B12: 9.8 | C12: 9.8 | D12: 9.8 | E12: 9.8 | F12: 9.8 | G12: 9.8 | H12: 9.8 | I12: 9.8 | J12: 9.8 | K12: 9.8 | L12: 9.8 | M12: 9.8 | N12: 9.8 | O12: 9.8 | P12: 9.8 | Q12: 9.8 | R12: 9.8 | S12: 9.8 | T12: 9.8 | U12: 9.8 | V12: 9.8 | W12: 9.8 | X12: 9.8 | Y12: 9.8 | Z12: 9.8 | AA12: 9.8 | AB12: 9.8 | AC12: 9.8 | AD12: 9.8 | AE12: 9.8 | AF12: 9.8 | AG12: 54 | AH12: =MAX(B12:AF12) -> 9.8 | AI12: =MIN(B12:AF12) -> 9.8
A13: Super Dordi (54) | B13: 12 | C13: 12 | D13: 12 | E13: 12 | F13: 12 | G13: 12 | H13: 12 | I13: 12 | J13: 12 | K13: 12 | L13: 12 | M13: 12 | N13: 12 | O13: 12 | P13: 12 | Q13: 12 | R13: 10.3 | S13: 10.3 | T13: 10.3 | U13: 10.3 | V13: 10.3 | W13: 10.3 | X13: 10.3 | Y13: 10.3 | Z13: 10.3 | AA13: 10.3 | AB13: 10.3 | AC13: 10.3 | AD13: 10.3 | AE13: 10.3 | AF13: 10.3 | AG13: 54 | AH13: =MAX(B13:AF13) -> 12 | AI13: =MIN(B13:AF13) -> 10.3
A14: Likhu-IV(52.4) | B14: 13.9 | C14: 13.9 | D14: 13.9 | E14: 13.9 | F14: 13.9 | G14: 13.9 | H14: 13.9 | I14: 13.9 | J14: 13.9 | K14: 13.9 | L14: 13.9 | M14: 12.5 | N14: 12.5 | O14: 12.5 | P14: 12.5 | Q14: 12.5 | R14: 9 | S14: 9 | T14: 9 | U14: 9 | V14: 9 | W14: 9 | X14: 9 | Y14: 9 | Z14: 9 | AA14: 9 | AB14: 16.4 | AC14: 16.4 | AD14: 16.4 | AE14: 16.4 | AF14: 16.4 | AG14: 52.4 | AH14: =MAX(B14:AF14) -> 16.4 | AI14: =MIN(B14:AF14) -> 9
A15: Upper Marsyangdi "A"(50) | B15: 29.8 | C15: 29.8 | D15: 29.8 | E15: 29.8 | F15: 29.8 | G15: 29.8 | H15: 29.8 | I15: 29.8 | J15: 29.8 | K15: 29.8 | L15: 29.8 | M15: 29.6 | N15: 29.6 | O15: 29.6 | P15: 29.6 | Q15: 29.6 | R15: 28.5 | S15: 28.5 | T15: 28.5 | U15: 28.5 | V15: 28.5 | W15: 28.5 | X15: 28.5 | Y15: 28.5 | Z15: 28.5 | AA15: 28.5 | AB15: 28.3 | AC15: 28.3 | AD15: 28.3 | AE15: 28.3 | AF15: 28.3 | AG15: 50 | AH15: =MAX(B15:AF15) -> 29.8 | AI15: =MIN(B15:AF15) -> 28.3
A16: Upper Bhotekoshi Khola(45) | B16: 16.6 | C16: 16.6 | D16: 16.6 | E16: 16.6 | F16: 16.6 | G16: 16.6 | H16: 16.6 | I16: 16.6 | J16: 16.6 | K16: 16.6 | L16: 16.6 | M16: 15.2 | N16: 15.2 | O16: 15.2 | P16: 15.2 | Q16: 15.2 | R16: 14.7 | S16: 14.7 | T16: 14.7 | U16: 14.7 | V16: 14.7 | W16: 14.7 | X16: 14.7 | Y16: 14.7 | Z16: 14.7 | AA16: 14.7 | AB16: 17.2 | AC16: 17.2 | AD16: 17.2 | AE16: 17.2 | AF16: 17.2 | AG16: 45 | AH16: =MAX(B16:AF16) -> 17.2 | AI16: =MIN(B16:AF16) -> 14.7
A17: Super Madi ( 44 ) | B17: 14 | C17: 14 | D17: 14 | E17: 14 | F17: 14 | G17: 14 | H17: 14 | I17: 14 | J17: 14 | K17: 14 | L17: 14 | M17: 14 | N17: 14 | O17: 14 | P17: 14 | Q17: 14 | R17: 14 | S17: 14 | T17: 14 | U17: 14 | V17: 14 | W17: 14 | X17: 14 | Y17: 14 | Z17: 14 | AA17: 14 | AB17: 14 | AC17: 14 | AD17: 14 | AE17: 14 | AF17: 14 | AG17: 44 | AH17: =MAX(B17:AG17) -> 44 | AI17: =MIN(B17:AG17) -> 14
A18: Mistri Khola(42) | B18: 8.5 | C18: 8.5 | D18: 8.5 | E18: 8.5 | F18: 8.5 | G18: 8.5 | H18: 8.5 | I18: 8.5 | J18: 8.5 | K18: 8.5 | L18: 8.5 | M18: 8.5 | N18: 8.5 | O18: 8.5 | P18: 8.5 | Q18: 8.5 | R18: 8.5 | S18: 8.5 | T18: 8.5 | U18: 8.5 | V18: 8.5 | W18: 8.5 | X18: 8.5 | Y18: 8.5 | Z18: 8.5 | AA18: 8.5 | AB18: 7.5 | AC18: 7.5 | AD18: 7.5 | AE18: 7.5 | AF18: 7.5 | AG18: 42 | AH18: =MAX(B18:AF18) -> 8.5 | AI18: =MIN(B18:AF18) -> 7.5
A19: Upper Chameliya(40) | B19: 15 | C19: 15 | D19: 15 | E19: 15 | F19: 15 | G19: 15 | H19: 15 | I19: 15 | J19: 15 | K19: 15 | L19: 15 | M19: 15 | N19: 15 | O19: 15 | P19: 15 | Q19: 15 | R19: 15 | S19: 15 | T19: 15 | U19: 15 | V19: 15 | W19: 15 | X19: 15 | Y19: 15 | Z19: 15 | AA19: 15 | AB19: 12.2 | AC19: 12.2 | AD19: 12.2 | AE19: 12.2 | AF19: 12.2 | AG19: 38.46 | AH19: =MAX(B19:AF19) -> 15 | AI19: =MIN(B19:AF19) -> 12.2
A20: Upper Kalanga Gad(38.46) | B20: 10 | C20: 10 | D20: 10 | E20: 10 | F20: 10 | G20: 10 | H20: 10 | I20: 10 | J20: 10 | K20: 10 | L20: 10 | M20: 10 | N20: 10 | O20: 10 | P20: 10 | Q20: 10 | R20: 10 | S20: 10 | T20: 10 | U20: 10 | V20: 10 | W20: 10 | X20: 10 | Y20: 10 | Z20: 10 | AA20: 10 | AB20: 7.8 | AC20: 7.8 | AD20: 7.8 | AE20: 7.8 | AF20: 7.8 | AG20: 38.46 | AH20: =MAX(B20:AF20) -> 10 | AI20: =MIN(B20:AF20) -> 7.8
A21: Upper Balefi (36) | B21: 13 | C21: 13 | D21: 13 | E21: 13 | F21: 13 | G21: 13 | H21: 13 | I21: 13 | J21: 13 | K21: 13 | L21: 13 | M21: 13 | N21: 13 | O21: 13 | P21: 13 | Q21: 13 | R21: 13 | S21: 13 | T21: 13 | U21: 13 | V21: 13 | W21: 13 | X21: 13 | Y21: 13 | Z21: 13 | AA21: 13 | AB21: 13 | AC21: 13 | AD21: 13 | AE21: 13 | AF21: 13 | AG21: 36 | AH21: =MAX(B21:AF21) -> 13 | AI21: =MIN(B21:AF21) -> 13
A22: Nyadi(30) | B22: 8.4 | C22: 8.4 | D22: 8.4 | E22: 8.4 | F22: 8.4 | G22: 8.4 | H22: 8.4 | I22: 8.4 | J22: 8.4 | K22: 8.4 | L22: 8.4 | M22: 7.8 | N22: 7.8 | O22: 7.8 | P22: 7.8 | Q22: 7.8 | R22: 7.8 | S22: 7.8 | T22: 7.8 | U22: 7.8 | V22: 7.8 | W22: 7.8 | X22: 7.8 | Y22: 7.8 | Z22: 7.8 | AA22: 7.8 | AB22: 8.8 | AC22: 8.8 | AD22: 8.8 | AE22: 8.8 | AF22: 8.8 | AG22: 30 | AH22: =MAX(B22:AF22) -> 8.8 | AI22: =MIN(B22:AF22) -> 7.8
A23: Likhu Khola A(29.04) | B23: 9 | C23: 9 | D23: 9 | E23: 9 | F23: 9 | G23: 9 | H23: 9 | I23: 9 | J23: 9 | K23: 9 | L23: 9 | M23: 9 | N23: 9 | O23: 9 | P23: 9 | Q23: 9 | R23: 9 | S23: 9 | T23: 9 | U23: 9 | V23: 9 | W23: 9 | X23: 9 | Y23: 9 | Z23: 9 | AA23: 9 | AB23: 9 | AC23: 9 | AD23: 9 | AE23: 9 | AF23: 9 | AG23: 24.2 | AH23: =MAX(B23:AF23) -> 9 | AI23: =MIN(B23:AF23) -> 9
A24: Lower Likhu(28) | B24: 8.6 | C24: 8.6 | D24: 8.6 | E24: 8.6 | F24: 8.6 | G24: 8.6 | H24: 8.6 | I24: 8.6 | J24: 8.6 | K24: 8.6 | L24: 8.6 | M24: 8.2 | N24: 8.2 | O24: 8.2 | P24: 8.2 | Q24: 8.2 | R24: 7.2 | S24: 7.2 | T24: 7.2 | U24: 7.2 | V24: 7.2 | W24: 7.2 | X24: 7.2 | Y24: 7.2 | Z24: 7.2 | AA24: 7.2 | AB24: 7.2 | AC24: 7.2 | AD24: 7.2 | AE24: 7.2 | AF24: 7.2 | AG24: 28 | AH24: =MAX(B24:AF24) -> 8.6 | AI24: =MIN(B24:AF24) -> 7.2
A25: Dordi(27) | B25: 7 | C25: 7 | D25: 7 | E25: 7 | F25: 7 | G25: 7 | H25: 7 | I25: 7 | J25: 7 | K25: 7 | L25: 7 | M25: 7.4 | N25: 7.4 | O25: 7.4 | P25: 7.4 | Q25: 7.4 | R25: 6.7 | S25: 6.7 | T25: 6.7 | U25: 6.7 | V25: 6.7 | W25: 6.7 | X25: 6.7 | Y25: 6.7 | Z25: 6.7 | AA25: 6.7 | AB25: 6.7 | AC25: 6.7 | AD25: 6.7 | AE25: 6.7 | AF25: 6.7 | AG25: 30 | AH25: =MAX(B25:AF25) -> 7.4 | AI25: =MIN(B25:AF25) -> 6.7
A26: Upper Madi(25) | B26: 8.9 | C26: 8.9 | D26: 8.9 | E26: 8.9 | F26: 8.9 | G26: 8.9 | H26: 8.9 | I26: 8.9 | J26: 8.9 | K26: 8.9 | L26: 8.9 | M26: 8.3 | N26: 8.3 | O26: 8.3 | P26: 8.3 | Q26: 8.3 | R26: 8.2 | S26: 8.2 | T26: 8.2 | U26: 8.2 | V26: 8.2 | W26: 8.2 | X26: 8.2 | Y26: 8.2 | Z26: 8.2 | AA26: 8.2 | AB26: 8.2 | AC26: 8.2 | AD26: 8.2 | AE26: 8.2 | AF26: 8.2 | AG26: 25 | AH26: =MAX(B26:AF26) -> 8.9 | AI26: =MIN(B26:AF26) -> 8.2
A27: Kabeli B-1(25) | B27: 5 | C27: 5 | D27: 5 | E27: 5 | F27: 5 | G27: 5 | H27: 5 | I27: 5 | J27: 5 | K27: 5 | L27: 5 | M27: 5 | N27: 5 | O27: 5 | P27: 5 | Q27: 5 | R27: 5 | S27: 5 | T27: 5 | U27: 5 | V27: 5 | W27: 5 | X27: 5 | Y27: 5 | Z27: 5 | AA27: 5 | AB27: 5 | AC27: 5 | AD27: 5 | AE27: 5 | AF27: 5 | AG27: 25 | AH27: =MAX(B27:AF27) -> 5 | AI27: =MIN(B27:AF27) -> 5
A28: Singati Khola(25) | B28: 6 | C28: 6 | D28: 6 | E28: 6 | F28: 6 | G28: 6 | H28: 6 | I28: 6 | J28: 6 | K28: 6 | L28: 6 | M28: 6 | N28: 6 | O28: 6 | P28: 6 | Q28: 6 | R28: 6 | S28: 6 | T28: 6 | U28: 6 | V28: 6 | W28: 6 | X28: 6 | Y28: 6 | Z28: 6 | AA28: 6 | AB28: 6 | AC28: 6 | AD28: 6 | AE28: 6 | AF28: 6 | AG28: 25 | AH28: =MAX(B28:AF28) -> 6 | AI28: =MIN(B28:AF28) -> 6
A29: Upper Dordi (25) | B29: 8.1 | C29: 8.1 | D29: 8.1 | E29: 8.1 | F29: 8.1 | G29: 8.1 | H29: 8.1 | I29: 8.1 | J29: 8.1 | K29: 8.1 | L29: 8.1 | M29: 7.6 | N29: 7.6 | O29: 7.6 | P29: 7.6 | Q29: 7.6 | R29: 7.4 | S29: 7.4 | T29: 7.4 | U29: 7.4 | V29: 7.4 | W29: 7.4 | X29: 7.4 | Y29: 7.4 | Z29: 7.4 | AA29: 7.4 | AB29: 7.4 | AC29: 7.4 | AD29: 7.4 | AE29: 7.4 | AF29: 7.4 | AG29: 25 | AH29: =MAX(B29:AF29) -> 8.1 | AI29: =MIN(B29:AF29) -> 7.4
... A56: Other IPP Total | B56: 150 | C56: 150 | D56: 150 | E56: 150 | F56: 150 | G56: 150 | H56: 150 | I56: 150 | J56: 150 | K56: 150 | L56: 150 | M56: 150 | N56: 150 | O56: 150 | P56: 150 | Q56: 150 | R56: 150 | S56: 150 | T56: 150 | U56: 150 | V56: 150 | W56: 150 | X56: 150 | Y56: 150 | Z56: 150 | AA56: 150 | AB56: 150 | AC56: 150 | AD56: 150 | AE56: 150 | AF56: 150 | AG56: 85 | AH56: =MAX(B56:AF56) -> 150 | AI56: =MIN(B56:AF56) -> 150
A57: Kabeli Corridor | B57: 25 | C57: 25 | D57: 25 | E57: 25 | F57: 25 | G57: 25 | H57: 25 | I57: 25 | J57: 25 | K57: 25 | L57: 25 | M57: =2.8+11.7 -> 14.5 | N57: =13.8+3.8 -> 17.6 | O57: =14+4.1 -> 18.1 | P57: =13.8+4 -> 17.8 | Q57: =14.4+4.6 -> 19 | R57: =3.9+12.7 -> 16.6 | S57: 21.6 | T57: 21.6 | U57: 21.6 | V57: 21.6 | W57: 21.6 | X57: 21.6 | Y57: 21.6 | Z57: 21.6 | AA57: 21.6 | AB57: 18.1 | AC57: 18.1 | AD57: 18.1 | AE57: 18.1 | AF57: 18.1 | AG57: 240 | AH57: =MAX(B57:AF57) -> 25 | AI57: =MIN(B57:AF57) -> 14.5
A58: Total IPP | B58: =SUM(B11:B56) -> 496.9 | C58: =SUM(C11:C56) -> 496.9 | D58: =SUM(D11:D56) -> 496.9 | E58: =SUM(E11:E56) -> 496.9 | F58: =SUM(F11:F56) -> 496.9 | G58: =SUM(G11:G56) -> 496.9 | H58: =SUM(H11:H56) -> 496.9 | I58: =SUM(I11:I56) -> 496.9 | ... AF58: =SUM(AF11:AF56) -> 484.25 | AG58: =SUM(AG14:AG56) -> 1042.4 | AH58: =MAX(B58:AF58) -> 496.9 | AI58: =MIN(B58:AF58) -> 478.6
A59: Upper Tamakoshi(456) | B59: 0 | C59: 0 | D59: 0 | E59: 0 | F59: 0 | G59: 0 | H59: 60 | I59: 75 | J59: 120 | K59: 260 | L59: 420 | M59: 405 | N59: 225 | O59: 125 | P59: 15 | Q59: 15 | R59: 0 | S59: 0 | T59: 0 | U59: 0 | V59: 0 | W59: 30 | X59: 210 | Y59: 345 | Z59: 340 | AA59: 350 | AB59: 235 | AC59: 200 | AD59: 100 | AE59: 0 | AF59: 0 | AG59: 456 | AH59: =MAX(B59:AF59) -> 420 | AI59: =MIN(B59:AF59) -> 0
A60: Khimti Khola(60) | B60: 30 | C60: 30 | D60: 30 | E60: 30 | F60: 30 | G60: 30 | H60: 30 | I60: 30 | J60: 30 | K60: 30 | L60: 30 | M60: 30 | N60: 30 | O60: 30 | P60: 30 | Q60: 30 | R60: 30 | S60: 30 | T60: 30 | U60: 30 | V60: 30 | W60: 30 | X60: 30 | Y60: 30 | Z60: 30 | AA60: 30 | AB60: 30 | AC60: 30 | AD60: 30 | AE60: 30 | AF60: 30 | AG60: 60 | AH60: =MAX(B60:AF60) -> 30 | AI60: =MIN(B60:AF60) -> 30
A61: Chilime(22.1) | B61: 10.2 | C61: 10.2 | D61: 10.2 | E61: 10.2 | F61: 10.2 | G61: 10.2 | H61: 10.2 | I61: 10.2 | J61: 10.2 | K61: 10.2 | L61: 10.2 | M61: 10.2 | N61: 10.2 | O61: 10.2 | P61: 10.2 | Q61: 10.2 | R61: 10.2 | S61: 10.2 | T61: 10.2 | U61: 10.2 | V61: 10.2 | W61: 10.2 | X61: 10.2 | Y61: 16 | Z61: 10.2 | AA61: 10.2 | AB61: 10.2 | AC61: 10.2 | AD61: 10 | AE61: 10 | AF61: 10 | AG61: 22.1 | AH61: =MAX(B61:AF61) -> 16 | AI61: =MIN(B61:AF61) -> 10
A62: Total NEA SUBSIDIARIES | B62: =SUM(B59:B61) -> 40.2 | C62: =SUM(C59:C61) -> 40.2 | D62: =SUM(D59:D61) -> 40.2 | E62: =SUM(E59:E61) -> 40.2 | F62: =SUM(F59:F61) -> 40.2 | G62: =SUM(G59:G61) -> 40.2 | H62: =SUM(H59:H61) -> 100.2 | I62: =SUM(I59:I61) -> 115.2 | ... AG62: =SUM(AG59:AG61) -> 538.1 | AH62: =MAX(B62:AF62) -> 460.2 | AI62: =MIN(B62:AF62) -> 40
A63: KGA(144) | B63: 0 | C63: 0 | D63: 0 | E63: 0 | F63: 0 | G63: 30.5 | H63: 47 | I63: 96.7 | J63: 97.7 | K63: 83.2 | L63: 81.5 | M63: 97.7 | N63: 81.7 | O63: 65.2 | P63: 61.5 | Q63: 61.5 | R63: 61.2 | S63: 61.2 | T63: 60.2 | U63: 132.6 | V63: 91.7 | W63: 61.2 | X63: 105.8 | Y63: 143.9 | Z63: 143.9 | AA63: 143 | AB63: 136.2 | AC63: 98 | AD63: 97 | AE63: 77 | AF63: 0 | AG63: 144 | AH63: =MAX(B63:AF63) -> 143.9 | AI63: =MIN(B63:AF63) -> 0
A64: Middle MRS(70) | B64: 0 | C64: 0 | D64: 0 | E64: 0 | F64: 0 | G64: 0 | H64: 25 | I64: 35 | J64: 35 | K64: 35 | L64: 50 | M64: 60 | N64: 60 | O64: 60 | P64: 43 | Q64: 43 | R64: 43 | S64: 45 | T64: 0 | U64: 25 | V64: 25 | W64: 25 | X64: 45 | Y64: 69 | Z64: 69 | AA64: 50 | AB64: 50 | AC64: 35 | AD64: 35 | AE64: 35 | AF64: 0 | AG64: 70 | AH64: =MAX(B64:AF64) -> 69 | AI64: =MIN(B64:AF64) -> 0
A65: MRS(69) | B65: 34.5 | C65: 34.7 | D65: 34.8 | E65: 0 | F65: 0 | G65: 0 | H65: 0 | I65: 0 | J65: 43.3 | K65: 45.4 | L65: 45.9 | M65: 61.9 | N65: 61.5 | O65: 61.1 | P65: 37.3 | Q65: 36.9 | R65: 36.6 | S65: 36.6 | T65: 36.7 | U65: 54.8 | V65: 40.4 | W65: 35.3 | X65: 52.1 | Y65: 67.3 | Z65: 67.3 | AA65: 67.7 | AB65: 67.3 | AC65: 44 | AD65: 34 | AE65: 34 | AF65: 17 | AG65: 69 | AH65: =MAX(B65:AF65) -> 67.7 | AI65: =MIN(B65:AF65) -> 0
A66: U Trisuli 3A(60) | B66: 42.1 | C66: 39.8 | D66: 40 | E66: 39.8 | F66: 39 | G66: 39 | H66: 39 | I66: 39 | J66: 39 | K66: 37.3 | L66: 37.3 | M66: 37.6 | N66: 39.3 | O66: 40.3 | P66: 40 | Q66: 40 | R66: 36.3 | S66: 36.3 | T66: 36.3 | U66: 36.3 | V66: 36.3 | W66: 36.3 | X66: 36.3 | Y66: 36.3 | Z66: 36.3 | AA66: 38 | AB66: 38 | AC66: 38 | AD66: 38 | AE66: 38 | AF66: 38 | AG66: 60 | AH66: =MAX(B66:AF66) -> 42.1 | AI66: =MIN(B66:AF66) -> 36.3
A67: CHM(30) | B67: 0 | C67: 0 | D67: 0 | E67: 0 | F67: 0 | G67: 10 | H67: 15 | I67: 29 | J67: 23 | K67: 23 | L67: 29 | M67: 29 | N67: 27 | O67: 0 | P67: 0 | Q67: 0 | R67: 0 | S67: 0 | T67: 0 | U67: 0 | V67: 0 | W67: 0 | X67: 23 | Y67: 29 | Z67: 29 | AA67: 28 | AB67: 10 | AC67: 10 | AD67: 10 | AE67: 0 | AF67: 0 | AG67: 30 | AH67: =MAX(B67:AF67) -> 29 | AI67: =MIN(B67:AF67) -> 0
A68: NEA SOLAR(25) | B68: 0 | C68: 0 | D68: 0 | E68: 0 | F68: 0 | G68: 0 | H68: 0 | I68: 0 | J68: 0 | K68: 0.3 | L68: 1.2 | M68: 4.6 | N68: 9.3 | O68: 13.4 | P68: 16.3 | Q68: 17.7 | R68: 16.4 | S68: 13.2 | T68: 9.4 | U68: 6.9 | V68: 1.3 | W68: 0 | X68: 0 | Y68: 0 | Z68: 0 | AA68: 0 | AB68: 0 | AC68: 0 | AD68: 0 | AE68: 0 | AF68: 0 | AG68: 25 | AH68: =MAX(B68:AF68) -> 17.7 | AI68: =MIN(B68:AF68) -> 0
A69: TRI(24) | B69: 15 | C69: 15 | D69: 15 | E69: 15 | F69: 15 | G69: 15 | H69: 15 | I69: 15 | J69: 15 | K69: 15 | L69: 15 | M69: 15 | N69: 15 | O69: 15 | P69: 15 | Q69: 15 | R69: 15 | S69: 15 | T69: 15 | U69: 15 | V69: 15 | W69: 15 | X69: 15 | Y69: 15 | Z69: 15 | AA69: 15 | AB69: 15 | AC69: 15 | AD69: 15 | AE69: 15 | AF69: 15 | AG69: 24 | AH69: =MAX(B69:AF69) -> 15 | AI69: =MIN(B69:AF69) -> 15
A70: GDK(15) | B70: 4 | C70: 4 | D70: 4 | E70: 4 | F70: 4 | G70: 4 | H70: 4 | I70: 4 | J70: 4 | K70: 4 | L70: 4 | M70: 4 | N70: 4 | O70: 4 | P70: 4 | Q70: 4 | R70: 4 | S70: 4 | T70: 4 | U70: 4 | V70: 4 | W70: 4 | X70: 4 | Y70: 4 | Z70: 4 | AA70: 4 | AB70: 4 | AC70: 4 | AD70: 4 | AE70: 4 | AF70: 4 | AG70: 15 | AH70: =MAX(B70:AF70) -> 4 | AI70: =MIN(B70:AF70) -> 4
A71: DEVI(14.1) | B71: 9.3 | C71: 9.3 | D71: 9.3 | E71: 9.3 | F71: 9.3 | G71: 9.3 | H71: 9.3 | I71: 9.3 | J71: 9.3 | K71: 9.3 | L71: 9.3 | M71: 9.9 | N71: 9.9 | O71: 9.9 | P71: 9.9 | Q71: 9.9 | R71: 8.4 | S71: 8.4 | T71: 8.4 | U71: 8.4 | V71: 8.4 | W71: 8.4 | X71: 8.4 | Y71: 8.4 | Z71: 8.4 | AA71: 8.4 | AB71: 8.4 | AC71: 8.4 | AD71: 8.4 | AE71: 8.4 | AF71: 8.4 | AG71: 14.1 | AH71: =MAX(B71:AF71) -> 9.9 | AI71: =MIN(B71:AF71) -> 8.4
A72: MODI(14) | B72: 4.5 | C72: 4.5 | D72: 4.5 | E72: 4.5 | F72: 4.5 | G72: 4.5 | H72: 4.5 | I72: 4.5 | J72: 4.5 | K72: 4.5 | L72: 4.5 | M72: 3.4 | N72: 3.4 | O72: 3.4 | P72: 3.4 | Q72: 3.4 | R72: 3.6 | S72: 3.6 | T72: 3.6 | U72: 3.6 | V72: 3.6 | W72: 3.6 | X72: 3.6 | Y72: 3.6 | Z72: 3.6 | AA72: 3.6 | AB72: 3.6 | AC72: 3.6 | AD72: 3.6 | AE72: 3.6 | AF72: 3.6 | AG72: 14 | AH72: =MAX(B72:AF72) -> 4.5 | AI72: =MIN(B72:AF72) -> 3.4
A73: SUN(10.05) | B73: 2.5 | C73: 2.5 | D73: 2.5 | E73: 2.5 | F73: 2.5 | G73: 2.5 | H73: 2.5 | I73: 2.5 | J73: 2.5 | K73: 2.5 | L73: 2.5 | M73: 2.5 | N73: 2.5 | O73: 2.5 | P73: 2.5 | Q73: 2.5 | R73: 2.5 | S73: 2.5 | T73: 2.5 | U73: 2.5 | V73: 2.5 | W73: 2.5 | X73: 2.5 | Y73: 2.5 | Z73: 2.5 | AA73: 2.5 | AB73: 2.5 | AC73: 2.5 | AD73: 2.5 | AE73: 2.5 | AF73: 2.5 | AG73: 10.05 | AH73: =MAX(B73:AF73) -> 2.5 | AI73: =MIN(B73:AF73) -> 2.5
A74: PUWA(6.2) | B74: 2 | C74: 2 | D74: 2 | E74: 2 | F74: 2 | G74: 2 | H74: 2 | I74: 2 | J74: 2 | K74: 2 | L74: 2 | M74: 2 | N74: 2 | O74: 2 | P74: 2 | Q74: 2 | R74: 2 | S74: 2 | T74: 2 | U74: 2 | V74: 2 | W74: 2 | X74: 2 | Y74: 2 | Z74: 2 | AA74: 2 | AB74: 2 | AC74: 2 | AD74: 2 | AE74: 2 | AF74: 2 | AG74: 6.2 | AH74: =MAX(B74:AF74) -> 2 | AI74: =MIN(B74:AF74) -> 2
A75: Other NEA Small | B75: 3.54 | C75: 3.54 | D75: 3.54 | E75: 3.54 | F75: 3.54 | G75: 3.54 | H75: 3.54 | I75: 3.54 | J75: 3.54 | K75: 3.54 | L75: 3.54 | M75: 3.54 | N75: 3.54 | O75: 3.54 | P75: 3.54 | Q75: 3.54 | R75: 3.54 | S75: 3.54 | T75: 3.54 | U75: 3.54 | V75: 3.54 | W75: 3.54 | X75: 3.54 | Y75: 3.54 | Z75: 3.54 | AA75: 3.54 | AB75: 3.54 | AC75: 3.54 | AD75: 3.54 | AE75: 3.54 | AF75: 3.54 | AG75: =AG252 -> 8.56 | AH75: =MAX(B75:AF75) -> 3.54 | AI75: =MIN(B75:AF75) -> 3.54
A76: Total ROR | B76: =SUM(B63:B75) -> 117.44 | C76: =SUM(C63:C75) -> 115.34 | D76: =SUM(D63:D75) -> 115.64 | E76: =SUM(E63:E75) -> 80.64 | F76: =SUM(F63:F75) -> 79.84 | G76: =SUM(G63:G75) -> 120.34 | H76: =SUM(H63:H75) -> 166.84 | I76: =SUM(I63:I75) -> 240.54 | ... AG76: =SUM(AG63:AG75) -> 489.91 | AH76: =MAX(B76:AF76) -> 384.54 | AI76: =MIN(B76:AF76) -> 79.84
A77: KL1(60) | AG77: 60 | AH77: =MAX(B77:AF77) -> 0 | AI77: =MIN(B77:AF77) -> 0
A78: KL2(32) | AG78: 32 | AH78: =MAX(B78:AF78) -> 0 | AI78: =MIN(B78:AF78) -> 0
A79: KL3(14) | AG79: 14 | AH79: =MAX(B79:AF79) -> 0 | AI79: =MIN(B79:AF79) -> 0
A80: Total STORGE | B80: =B77+B78+B79 -> 0 | C80: =C77+C78+C79 -> 0 | D80: =D77+D78+D79 -> 0 | E80: =E77+E78+E79 -> 0 | F80: =F77+F78+F79 -> 0 | G80: =G77+G78+G79 -> 0 | H80: =H77+H78+H79 -> 0 | I80: =I77+I78+I79 -> 0 | ... AF80: =AF77+AF78+AF79 -> 0 | AG80: =SUM(AG77:AG79) -> 106 | AH80: =MAX(B80:AF80) -> 0 | AI80: =MIN(B80:AF80) -> 0
A81: TANAKPUR | B81: 71 | C81: 68.1 | D81: 63.8 | E81: 60.5 | F81: 64.8 | G81: 64.9 | H81: 75 | I81: 76.8 | J81: 65.4 | K81: 71 | L81: 61.5 | M81: 49.3 | N81: 39.7 | O81: 46.4 | P81: 55.6 | Q81: 57 | R81: 58.9 | S81: 65.4 | T81: 68.8 | U81: 63.7 | V81: 68.4 | W81: 63.9 | X81: 55.5 | Y81: 64.4 | Z81: 47.7 | AA81: 34.3 | AB81: 49.1 | AC81: 56.2 | AD81: 59 | AE81: 59.7 | AF81: 54.5 | AH81: =MAX(B81:AF81) -> 76.8 | AI81: =MIN(B81:AF81) -> 34.3
A82: KATAIYA | AH82: =MAX(B82:AF82) -> 0 | AI82: =MIN(B82:AF82) -> 0
A83: MUJAFFARPUR | B83: 404 | C83: 391.1 | D83: 405.8 | E83: 434 | F83: 417.6 | G83: 430 | H83: 425.6 | I83: 415.3 | J83: 405 | K83: 173.9 | L83: 64.3 | M83: 52.6 | N83: 143.4 | O83: 203.2 | P83: 410.9 | Q83: 430.2 | R83: 402.8 | S83: 417 | T83: 456.4 | U83: 425.9 | V83: 387 | W83: 339 | X83: 231 | Y83: 145.5 | Z83: 127.1 | AA83: 121.5 | AB83: 215 | AC83: 338 | AD83: 397 | AE83: 421 | AF83: 427 | AH83: =MAX(B83:AF83) -> 456.4 | AI83: =MIN(B83:AF83) -> 52.6
A84: RAMNAGAR | B84: 15.6 | C84: 15.6 | D84: 16 | E84: 15.5 | F84: 16.5 | G84: 49.74 | H84: 49.5 | I84: 54.8 | J84: 52.7 | K84: 21 | L84: 17.6 | M84: 17.1 | N84: 16.3 | O84: 16.3 | P84: 31.4 | Q84: 45 | R84: 47 | S84: 51.8 | T84: 48.2 | U84: 43.8 | V84: 20.6 | W84: 11.6 | X84: 11.5 | Y84: 13.3 | Z84: 13.1 | AA84: 16 | AB84: 23.1 | AC84: 27.8 | AD84: 38 | AE84: 54 | AF84: 42 | AH84: =MAX(B84:AF84) -> 54.8 | AI84: =MIN(B84:AF84) -> 11.5
A85: RAXAUL 132 | B85: 18 | C85: 21 | D85: 21.6 | E85: 21.4 | F85: 21.6 | G85: 22.4 | H85: 21.6 | I85: 22.8 | J85: 23.2 | K85: 23.6 | L85: 25 | M85: 26.8 | N85: 10.8 | O85: 11.4 | P85: 12.4 | Q85: 98 | R85: 58.3 | S85: =55.9*2 -> 111.8 | T85: =56.5*2 -> 113 | U85: 0 | V85: 0 | W85: 0 | X85: 0 | Y85: 0 | Z85: 0 | AA85: 0 | AB85: 0 | AC85: 0 | AD85: 0 | AE85: 0 | AF85: 16 | AH85: =MAX(B85:AF85) -> 113 | AI85: =MIN(B85:AF85) -> 0
A86: NANPARA(33kV) | AH86: =MAX(B86:AF86) -> 0 | AI86: =MIN(B86:AF86) -> 0
A87: BISHANPUR(33kV) | AH87: =MAX(B87:AF87) -> 0 | AI87: =MIN(B87:AF87) -> 0 | AL87: UTK Discharge Test
A88: JALESHWOR(33kV) | AH88: =MAX(B88:AF88) -> 0 | AI88: =MIN(B88:AF88) -> 0
A89: RAJBIRAJ(33kV) | AH89: =MAX(B89:AF89) -> 0 | AI89: =MIN(B89:AF89) -> 0 | AK89: Line1
A90: RAXAUL(33kV) | AH90: =MAX(B90:AF90) -> 0 | AI90: =MIN(B90:AF90) -> 0 | AK90: Line 2
A91: SAMPATIYA 132 kV | B91: 0 | C91: 0 | D91: 0 | E91: 0 | F91: 0 | G91: 0 | H91: 0 | I91: 0 | J91: 74.2 | K91: 78.8 | L91: 78.1 | M91: 74.5 | N91: 69.7 | O91: 63.9 | P91: 66.2 | Q91: 70.5 | R91: 76.9 | S91: 68.3 | T91: 77.2 | U91: 79 | V91: 66.7 | W91: 60.8 | X91: 65.1 | Y91: 72.5 | Z91: 70.3 | AA91: 66.6 | AB91: 69 | AC91: 67.4 | AD91: 69 | AE91: 77.2 | AF91: 66 | AH91: =MAX(B91:AF91) -> 79 | AI91: =MIN(B91:AF91) -> 0
A92: Total IMPORT | B92: =SUMIF(B81:B91,">0") -> 508.6 | C92: =SUMIF(C81:C91,">0") -> 495.8 | D92: =SUMIF(D81:D91,">0") -> 507.2 | E92: =SUMIF(E81:E91,">0") -> 531.4 | F92: =SUMIF(F81:F91,">0") -> 520.5 | G92: =SUMIF(G81:G91,">0") -> 567.04 | H92: =SUMIF(H81:H91,">0") -> 571.7 | I92: =SUMIF(I81:I91,">0") -> 569.7 | ... AF92: =SUMIF(AF81:AF91,">0") -> 605.5 | AG92: =SUM(AG81:AG91) -> 0 | AH92: =MAX(B92:AF92) -> 763.6 | AI92: =MIN(B92:AF92) -> 220.3
A93: MULTI F(39) | B93: 0 | C93: 0 | D93: 0 | E93: 0 | F93: 0 | G93: 0 | H93: 0 | I93: 0 | J93: 0 | K93: 0 | L93: 0 | M93: 0 | N93: 0 | O93: 0 | P93: 0 | Q93: 0 | R93: 0 | S93: 0 | T93: 0 | U93: 0 | V93: 0 | W93: 0 | X93: 0 | Y93: 0 | Z93: 0 | AA93: 0 | AB93: 0 | AC93: 0 | AD93: 0 | AE93: 0 | AF93: 0 | AG93: 39 | AH93: =MAX(B93:AF93) -> 0 | AI93: =MIN(B93:AF93) -> 0
A94: HTD DIE(14.41) | B94: 0 | C94: 0 | D94: 0 | E94: 0 | F94: 0 | G94: 0 | H94: 0 | I94: 0 | J94: 0 | K94: 0 | L94: 0 | M94: 0 | N94: 0 | O94: 0 | P94: 0 | Q94: 0 | R94: 0 | S94: 0 | T94: 0 | U94: 0 | V94: 0 | W94: 0 | X94: 0 | Y94: 0 | Z94: 0 | AA94: 0 | AB94: 0 | AC94: 0 | AD94: 0 | AE94: 0 | AF94: 0 | AG94: 14.4 | AH94: =MAX(B94:AF94) -> 0 | AI94: =MIN(B94:AF94) -> 0
A95: MRS DI() | B95: 0 | C95: 0 | D95: 0 | E95: 0 | F95: 0 | G95: 0 | H95: 0 | I95: 0 | J95: 0 | K95: 0 | L95: 0 | M95: 0 | N95: 0 | O95: 0 | P95: 0 | Q95: 0 | R95: 0 | S95: 0 | T95: 0 | U95: 0 | V95: 0 | W95: 0 | X95: 0 | Y95: 0 | Z95: 0 | AA95: 0 | AB95: 0 | AC95: 0 | AD95: 0 | AE95: 0 | AF95: 0 | AG95: 2 | AH95: =MAX(B95:AF95) -> 0 | AI95: =MIN(B95:AF95) -> 0
A96: Total THERMAL | AG96: =SUM(AG93:AG95) -> 55.4 | AH96: =MAX(B96:AF96) -> 0 | AI96: =MIN(B96:AF96) -> 0
A97: TOTAL SYSTEM LOAD (ACTUAL) | B97: =B58+B62+B80+B76+B92+B96 -> 1163.14 | C97: =C58+C62+C80+C76+C92+C96 -> 1148.24 | D97: =D58+D62+D80+D76+D92+D96 -> 1159.94 | E97: =E58+E62+E80+E76+E92+E96 -> 1149.14 | F97: =F58+F62+F80+F76+F92+F96 -> 1137.44 | G97: =G58+G62+G80+G76+G92+G96 -> 1224.48 | H97: =H58+H62+H80+H76+H92+H96 -> 1335.64 | I97: =I58+I62+I80+I76+I92+I96 -> 1422.34 | ... AG97: =AG58+AG62+AG80+AG76+AG92+AG96 -> 2231.81 | AH97: =MAX(B97:AF97) -> 1556.44 | AI97: =MIN(B97:AF97) -> 1137.44
A98: Interruption/Tripping | K98: 280 | L98: 280 | M98: 280 | N98: 280 | O98: 280 | Y98: 300 | Z98: 280 | AA98: 250 | AB98: 250 | AC98: 250 | AD98: 250 | AH98: =MAX(B98:AF98) -> 300 | AI98: =MIN(B98:AF98) -> 250
A99: TOTAL SYSTEM LOAD (EXPECTED) | B99: =B97+B98 -> 1163.14 | C99: =C97+C98 -> 1148.24 | D99: =D97+D98 -> 1159.94 | E99: =E97+E98 -> 1149.14 | F99: =F97+F98 -> 1137.44 | G99: =G97+G98 -> 1224.48 | H99: =H97+H98 -> 1335.64 | I99: =I97+I98 -> 1422.34 | ... AF99: =AF97+AF98 -> 1223.79 | AG99: =AG96+AG92+AG80+AG76+AG58+AG98 -> 1693.71 | AH99: =MAX(B99:AF99) -> 1849.84 | AI99: =MIN(B99:AF99) -> 1137.44
A100: TOTAL NATIONAL LOAD (ACTUAL) | B100: =B99-(B107) -> 1163.14 | C100: =C99-(C107) -> 1148.24 | D100: =D99-(D107) -> 1159.94 | E100: =E99-(E107) -> 1149.14 | F100: =F99-(F107) -> 1137.44 | G100: =G99-(G107) -> 1224.48 | H100: =H99-(H107) -> 1335.64 | I100: =I99-(I107) -> 1422.34 | ... AF100: =AF99-(AF107) -> 1223.79 | AH100: =MAX(B100:AF100) -> 1849.84 | AI100: =MIN(B100:AF100) -> 1137.44
A101: RAMNAGAR | B101: =IF(B84<0,B84*-1,0) -> 0 | C101: =IF(C84<0,C84*-1,0) -> 0 | D101: =IF(D84<0,D84*-1,0) -> 0 | E101: =IF(E84<0,E84*-1,0) -> 0 | F101: =IF(F84<0,F84*-1,0) -> 0 | G101: =IF(G84<0,G84*-1,0) -> 0 | H101: =IF(H84<0,H84*-1,0) -> 0 | I101: =IF(I84<0,I84*-1,0) -> 0 | ... AF101: =IF(AF84<0,AF84*-1,0) -> 0 | AH101: =MAX(B101:AF101) -> 0 | AI101: =MIN(B101:AF101) -> 0
A102: KATAIYA | B102: =IF(B82<0,B82*-1,0) -> 0 | C102: =IF(C82<0,C82*-1,0) -> 0 | D102: =IF(D82<0,D82*-1,0) -> 0 | E102: =IF(E82<0,E82*-1,0) -> 0 | F102: =IF(F82<0,F82*-1,0) -> 0 | G102: =IF(G82<0,G82*-1,0) -> 0 | H102: =IF(H82<0,H82*-1,0) -> 0 | I102: =IF(I82<0,I82*-1,0) -> 0 | ... AF102: =IF(AF82<0,AF82*-1,0) -> 0 | AH102: =MAX(B102:AF102) -> 0 | AI102: =MIN(B102:AF102) -> 0
A103: RAXAUL | B103: =IF(B85<0,B85*-1,0) -> 0 | C103: =IF(C85<0,C85*-1,0) -> 0 | D103: =IF(D85<0,D85*-1,0) -> 0 | E103: =IF(E85<0,E85*-1,0) -> 0 | F103: =IF(F85<0,F85*-1,0) -> 0 | G103: =IF(G85<0,G85*-1,0) -> 0 | H103: =IF(H85<0,H85*-1,0) -> 0 | I103: =IF(I85<0,I85*-1,0) -> 0 | ... AF103: =IF(AF85<0,AF85*-1,0) -> 0 | AH103: =MAX(B103:AF103) -> 0 | AI103: =MIN(B103:AF103) -> 0
A104: MUZAFFARPUR | B104: =IF(B83<0,B83*-1,0) -> 0 | C104: =IF(C83<0,C83*-1,0) -> 0 | D104: =IF(D83<0,D83*-1,0) -> 0 | E104: =IF(E83<0,E83*-1,0) -> 0 | F104: =IF(F83<0,F83*-1,0) -> 0 | G104: =IF(G83<0,G83*-1,0) -> 0 | H104: =IF(H83<0,H83*-1,0) -> 0 | I104: =IF(I83<0,I83*-1,0) -> 0 | ... AF104: =IF(AF83<0,AF83*-1,0) -> 0 | AH104: =MAX(B104:AF104) -> 0 | AI104: =MIN(B104:AF104) -> 0
A105: TANAKPUR | B105: =IF(B81<0,B81*-1,0) -> 0 | C105: =IF(C81<0,C81*-1,0) -> 0 | D105: =IF(D81<0,D81*-1,0) -> 0 | E105: =IF(E81<0,E81*-1,0) -> 0 | F105: =IF(F81<0,F81*-1,0) -> 0 | G105: =IF(G81<0,G81*-1,0) -> 0 | H105: =IF(H81<0,H81*-1,0) -> 0 | I105: =IF(I81<0,I81*-1,0) -> 0 | ... AF105: =IF(AF81<0,AF81*-1,0) -> 0 | AH105: =MAX(B105:AF105) -> 0 | AI105: =MIN(B105:AF105) -> 0
A106: OTHERS EXPORT | B106: 0 | C106: 0 | D106: 0 | E106: 0 | F106: 0 | G106: 0 | H106: 0 | I106: 0 | J106: 0 | K106: 0 | L106: 0 | M106: 0 | N106: 0 | O106: 0 | P106: 0 | Q106: 0 | R106: 0 | S106: 0 | T106: 0 | U106: 1 | V106: 2 | W106: 3 | X106: 4 | Y106: 0 | Z106: 0 | AA106: 0 | AB106: 0 | AC106: 0 | AD106: 0 | AE106: 0 | AF106: 0 | AH106: =MAX(B106:AF106) -> 4 | AI106: =MIN(B106:AF106) -> 0
A107: Total EXPORT | B107: =SUM(B101:B106) -> 0 | C107: =SUM(C101:C106) -> 0 | D107: =SUM(D101:D106) -> 0 | E107: =SUM(E101:E106) -> 0 | F107: =SUM(F101:F106) -> 0 | G107: =SUM(G101:G106) -> 0 | H107: =SUM(H101:H106) -> 0 | I107: =SUM(I101:I106) -> 0 | ... T107: =SUM(T101:T106) -> 0 | U107: 0 | V107: 0 | W107: 0 | X107: 0 | Y107: 0 | Z107: 0 | AA107: =SUM(AA101:AA106) -> 0 | AB107: =SUM(AB101:AB106) -> 0 | AC107: =SUM(AC101:AC106) -> 0 | AD107: =SUM(AD101:AD106) -> 0 | AE107: =SUM(AE101:AE106) -> 0 | AF107: =SUM(AF101:AF106) -> 0 | AH107: =MAX(B107:AF107) -> 0 | AI107: =MIN(B107:AF107) -> 0
A108: NET IMPORT | B108: =B92-B107 -> 508.6 | C108: =C92-C107 -> 495.8 | D108: =D92-D107 -> 507.2 | E108: =E92-E107 -> 531.4 | F108: =F92-F107 -> 520.5 | G108: =G92-G107 -> 567.04 | H108: =H92-H107 -> 571.7 | I108: =I92-I107 -> 569.7 | ... AF108: =AF92-AF107 -> 605.5 | AH108: =MAX(B108:AF108) -> 763.6 | AI108: =MIN(B108:AF108) -> 220.3
A109: HZ | B109: 50.076 | C109: 50.069 | D109: 50.026 | E109: 50.043 | F109: 50.062 | G109: 50.056 | H109: 49.948 | I109: 50.062 | J109: 50.031 | K109: 49.995 | L109: 49.973 | M109: 50.014 | N109: 50.047 | O109: 49.851 | P109: 50.054 | Q109: 50.01 | R109: 50.06 | S109: 49.84 | T109: 49.95 | U109: 49.99 | V109: 50.05 | W109: 50.07 | X109: 50.04 | Y109: 50.04 | Z109: 50.03 | AA109: 50.062 | AB109: 50.012 | AC109: 49.947 | AD109: 50.018 | AE109: 50.13 | AF109: 49.945 | AH109: =MAX(B109:AF109) -> 50.13 | AI109: =MIN(B109:AF109) -> 49.84
A110: HTD 132KV | B110: 126.1 | C110: 128.2 | D110: 128 | E110: 128 | F110: 129 | G110: 129 | H110: 126.9 | I110: 126.9 | J110: 125.5 | K110: 127.8 | L110: 125.5 | M110: 125.4 | N110: 125.8 | O110: 126.1 | P110: 124.2 | Q110: 126.4 | R110: 125.8 | S110: 125.1 | T110: 124.4 | U110: 124.7 | V110: 128.9 | W110: 128.9 | X110: 126.5 | Y110: 124.4 | Z110: 126.1 | AA110: 126.6 | AB110: 127.4 | AC110: 126.8 | AD110: 125.4 | AE110: 126.5 | AF110: 127.6 | AH110: =MAX(B110:AF110) -> 129 | AI110: =MIN(B110:AF110) -> 124.2
A111: SUI 132KV | B111: 130.7 | C111: 132.5 | D111: 131.8 | E111: 131.8 | F111: 132.9 | G111: 132.9 | H111: 130.7 | I111: 130.7 | J111: 128 | K111: 128.8 | L111: 126 | M111: 126.1 | N111: 127.6 | O111: 127.8 | P111: 126.7 | Q111: 128.8 | R111: 128.7 | S111: 128.2 | T111: 127.5 | U111: 127.9 | V111: 130.8 | W111: 130.8 | X111: 128.3 | Y111: 125.8 | Z111: 127.3 | AA111: 127.8 | AB111: 128.8 | AC111: 128.6 | AD111: 127.8 | AE111: 130.2 | AF111: 131.4 | AH111: =MAX(B111:AF111) -> 132.9 | AI111: =MIN(B111:AF111) -> 125.8
A112: DUBI 132KV | B112: 128 | C112: 129.6 | D112: 131.7 | E112: 131.7 | F112: 132 | G112: 132 | H112: 126.9 | I112: 126.9 | J112: 127 | K112: 131.6 | L112: 128 | M112: 127.1 | N112: 129.6 | O112: 129.9 | P112: 127.4 | Q112: 127.7 | R112: 129..4 | S112: 125.8 | T112: 127.6 | U112: 128.2 | V112: 131.8 | W112: 131.8 | X112: 126.7 | Y112: 128 | Z112: 129.3 | AA112: 130 | AB112: 130.6 | AC112: 132 | AD112: 126.9 | AE112: 130 | AF112: 128.5 | AH112: =MAX(B112:AF112) -> 132 | AI112: =MIN(B112:AF112) -> 125.8
A113: ANAMANI 132KV | B113: 130.4 | C113: 131.4 | D113: 134.1 | E113: 134.1 | F113: 134 | G113: 134 | H113: 128.4 | I113: 128.4 | J113: 129 | K113: 132 | L113: 128 | M113: 126.7 | N113: 129.1 | O113: 129.6 | P113: 127.7 | Q113: 129 | R113: 130.2 | S113: 127.4 | T113: 127.4 | U113: 128.8 | V113: 131.7 | W113: 131.7 | X113: 125.9 | Y113: 127.4 | Z113: 130 | AA113: 132.5 | AB113: 133.6 | AC113: 134.3 | AD113: 129 | AE113: 132.1 | AF113: 131.5 | AH113: =MAX(B113:AF113) -> 134.3 | AI113: =MIN(B113:AF113) -> 125.9
A114: KG-A 132KV | B114: 125.4 | C114: 131.4 | D114: 128 | E114: 128 | F114: 131 | G114: 131 | H114: 133 | I114: 133 | J114: 133.6 | K114: 133 | L114: 132.9 | M114: 133.3 | N114: 133.6 | O114: 132 | P114: 131.5 | Q114: 136.4 | R114: 135.9 | S114: 135.2 | T114: 135.2 | U114: 134.5 | V114: 136.1 | W114: 136.1 | X114: 135 | Y114: 133.7 | Z114: 135.7 | AA114: 131.2 | AB114: 135.5 | AC114: 135 | AD114: 134 | AE114: 135.3 | AF114: 133.8 | AH114: =MAX(B114:AF114) -> 136.4 | AI114: =MIN(B114:AF114) -> 125.4
A115: KOHALPUR 132KV | B115: 128.5 | C115: 131.2 | D115: 131.8 | E115: 131.8 | F115: 132.9 | G115: 132.9 | H115: 130 | I115: 130 | J115: 126.8 | K115: 130.5 | L115: 131.7 | M115: 132.9 | N115: 134.7 | O115: 135 | P115: 132.2 | Q115: 133.3 | R115: 130.5 | S115: 132.2 | T115: 132.2 | U115: 133.1 | V115: 132.2 | W115: 132.2 | X115: 132 | Y115: 130.5 | Z115: 128.8 | AA115: 131.2 | AB115: 133.8 | AC115: 134.4 | AD115: 134.7 | AE115: 133.4 | AF115: 131.9 | AH115: =MAX(B115:AF115) -> 135 | AI115: =MIN(B115:AF115) -> 126.8
A116: SUI 66KV | B116: 65.8 | C116: 66.7 | D116: 66.5 | E116: 66.5 | F116: 66.85 | G116: 66.85 | H116: 65.7 | I116: 65.7 | J116: 64.4 | K116: 65 | L116: 63.6 | M116: 63.5 | N116: 64.2 | O116: 64.3 | P116: 63.7 | Q116: 64.5 | R116: 64.8 | S116: 64.5 | T116: 64.5 | U116: 64.5 | V116: 66.1 | W116: 66.1 | X116: 64.7 | Y116: 63.4 | Z116: 64.3 | AA116: 64.3 | AB116: 64.9 | AC116: 64.7 | AD116: 64.3 | AE116: 65.5 | AF116: 66.1 | AH116: =MAX(B116:AF116) -> 66.85 | AI116: =MIN(B116:AF116) -> 63.4
AH117: =MAX(B117:AF117) -> 0 | AI117: =MIN(B117:AF117) -> 0
A118: Kathmandu Load | B118: =SUM(B22,B28,B31:B32,B66,B68:B69,B71,B73,B119:B123,B155,B161,B167,B176,B178,B190,B197,B200:B201,B208,B210,B212,B216:B218,B220:B222,B227,B233:B234,B236:B238,B246,B251) -> 156.028 | C118: =SUM(C22,C28,C31:C32,C66,C68:C69,C71,C73,C119:C123,C155,C161,C167,C176,C178,C190,C197,C200:C201,C208,C210,C212,C216:C218,C220:C222,C227,C233:C234,C236:C238,C246,C251) -> 143.014 | D118: =SUM(D22,D28,D31:D32,D66,D68:D69,D71,D73,D119:D123,D155,D161,D167,D176,D178,D190,D197,D200:D201,D208,D210,D212,D216:D218,D220:D222,D227,D233:D234,D236:D238,D246,D251) -> 134.559 | E118: =SUM(E22,E28,E31:E32,E66,E68:E69,E71,E73,E119:E123,E155,E161,E167,E176,E178,E190,E197,E200:E201,E208,E210,E212,E216:E218,E220:E222,E227,E233:E234,E236:E238,E246,E251) -> 124.44 | F118: =SUM(F22,F28,F31:F32,F66,F68:F69,F71,F73,F119:F123,F155,F161,F167,F176,F178,F190,F197,F200:F201,F208,F210,F212,F216:F218,F220:F222,F227,F233:F234,F236:F238,F246,F251) -> 133.34 | G118: =SUM(G22,G28,G31:G32,G66,G68:G69,G71,G73,G119:G123,G155,G161,G167,G176,G178,G190,G197,G200:G201,G208,G210,G212,G216:G218,G220:G222,G227,G233:G234,G236:G238,G246,G251) -> 172.54 | H118: =SUM(H22,H28,H31:H32,H66,H68:H69,H71,H73,H119:H123,H155,H161,H167,H176,H178,H190,H197,H200:H201,H208,H210,H212,H216:H218,H220:H222,H227,H233:H234,H236:H238,H246,H251) -> 208.54 | I118: =SUM(I22,I28,I31:I32,I66,I68:I69,I71,I73,I119:I123,I155,I161,I167,I176,I178,I190,I197,I200:I201,I208,I210,I212,I216:I218,I220:I222,I227,I233:I234,I236:I238,I246,I251) -> 243.84 | ... O118: =SUM(O22,O28,O31:O32,O66,O68:O69,O71,O73,O119:O123,O155,O161,O167,O176,O178,O190,O197,O200:O201,O208,O210,O212,O216:O218,O220:O222,O227,O233:O234,O236:O238,O246,O251) -> 365.18 | P118: 42 | Q118: =SUM(Q22,Q28,Q31:Q32,Q66,Q68:Q69,Q71,Q73,Q119:Q123,Q155,Q161,Q167,Q176,Q178,Q190,Q197,Q200:Q201,Q208,Q210,Q212,Q216:Q218,Q220:Q222,Q227,Q233:Q234,Q236:Q238,Q246,Q251) -> 298.34 | R118: =SUM(R22,R28,R31:R32,R66,R68:R69,R71,R73,R119:R123,R155,R161,R167,R176,R178,R190,R197,R200:R201,R208,R210,R212,R216:R218,R220:R222,R227,R233:R234,R236:R238,R246,R251) -> 301.68 | S118: =SUM(S22,S28,S31:S32,S66,S68:S69,S71,S73,S119:S123,S155,S161,S167,S176,S178,S190,S197,S200:S201,S208,S210,S212,S216:S218,S220:S222,S227,S233:S234,S236:S238,S246,S251) -> 290.68 | T118: =SUM(T22,T28,T31:T32,T66,T68:T69,T71,T73,T119:T123,T155,T161,T167,T176,T178,T190,T197,T200:T201,T208,T210,T212,T216:T218,T220:T222,T227,T233:T234,T236:T238,T246,T251) -> 296.36 | U118: =SUM(U22,U28,U31:U32,U66,U68:U69,U71,U73,U119:U123,U155,U161,U167,U176,U178,U190,U197,U200:U201,U208,U210,U212,U216:U218,U220:U222,U227,U233:U234,U236:U238,U246,U251) -> 306.98 | V118: =SUM(V22,V28,V31:V32,V66,V68:V69,V71,V73,V119:V123,V155,V161,V167,V176,V178,V190,V197,V200:V201,V208,V210,V212,V216:V218,V220:V222,V227,V233:V234,V236:V238,V246,V251) -> 314.94 | W118: =SUM(W22,W28,W31:W32,W66,W68:W69,W71,W73,W119:W123,W155,W161,W167,W176,W178,W190,W197,W200:W201,W208,W210,W212,W216:W218,W220:W222,W227,W233:W234,W236:W238,W246,W251) -> 326.36 | X118: =SUM(X22,X28,X31:X32,X66,X68:X69,X71,X73,X119:X123,X155,X161,X167,X176,X178,X190,X197,X200:X201,X208,X210,X212,X216:X218,X220:X222,X227,X233:X234,X236:X238,X246,X251) -> 379.98 | ... AF118: =SUM(AF22,AF28,AF31:AF32,AF66,AF68:AF69,AF71,AF73,AF119:AF123,AF155,AF161,AF167,AF176,AF178,AF190,AF197,AF200:AF201,AF208,AF210,AF212,AF216:AF218,AF220:AF222,AF227,AF233:AF234,AF236:AF238,AF246,AF251) -> 207.94 | AH118: =MAX(B118:AF118) -> 437.46 | AI118: =MIN(B118:AF118) -> 42
A119: MRS-SYU | B119: -1.9 | C119: -1.6 | D119: -4.8 | E119: -12.9 | F119: -9.9 | G119: 1.4 | H119: 5 | I119: 12.2 | J119: 37.2 | K119: 32.6 | L119: 40.9 | M119: 46.4 | N119: 46.6 | O119: 44.7 | P119: 37 | Q119: 33.1 | R119: 32.9 | S119: 33.3 | T119: 19.7 | U119: 47.3 | V119: 39.1 | W119: 30.2 | X119: 45.9 | Y119: 57 | Z119: 56.2 | AA119: 53 | AB119: 52.9 | AC119: 35.8 | AD119: 34.5 | AE119: 30.4 | AF119: 14 | AG119: 75 | AH119: =MAX(B119:AF119) -> 57 | AI119: =MIN(B119:AF119) -> -12.9
A120: NMRS-MATA | B120: -4 | C120: -4.5 | D120: -9.2 | E120: -19 | F120: -14.7 | G120: 0.8 | H120: 7.4 | I120: 16.7 | J120: 49.7 | K120: 46.74 | L120: 55.8 | M120: 63.4 | N120: 64.3 | O120: 62.4 | P120: 49 | Q120: 42.7 | R120: 42.5 | S120: 44.2 | T120: 22.8 | U120: 62.4 | V120: 54.5 | W120: 43 | X120: 63.2 | Y120: 78.7 | Z120: 76.8 | AA120: 72.4 | AB120: 70.8 | AC120: 48.6 | AD120: 42.9 | AE120: 40 | AF120: 17.3 | AG120: 240 | AH120: =MAX(B120:AF120) -> 78.7 | AI120: =MIN(B120:AF120) -> -19
A121: KL2-MATA | B121: -36 | C121: -38 | D121: -40.5 | E121: -34.4 | F121: -33.8 | G121: -33.4 | H121: -24.8 | I121: -14 | J121: -4.8 | K121: 25 | L121: 40 | M121: =15.7+18.5 -> 34.2 | N121: =11.2+12.8 -> 24 | O121: =11.2+13.4 -> 24.6 | P121: =11.4+13.4 -> 24.8 | Q121: =-8-10.5 -> -18.5 | R121: =5+5.8 -> 10.8 | S121: 7.3 | T121: 16.4 | U121: -9.8 | V121: 17 | W121: 33.1 | X121: 34.3 | Y121: 43.5 | Z121: 43.9 | AA121: 34 | AB121: 29.5 | AC121: 33 | AD121: 18 | AE121: -15 | AF121: -10 | AG121: 240 | AH121: =MAX(B121:AF121) -> 43.9 | AI121: =MIN(B121:AF121) -> -40.5
A122: KL1-SYU | B122: -7.2 | C122: -8.7 | D122: -12.8 | E122: -13.2 | F122: -9.4 | G122: -7.4 | H122: -10.2 | I122: -5.2 | J122: 1.5 | K122: 17.4 | L122: 21.8 | M122: 21.8 | N122: 17.9 | O122: 19.4 | P122: 9.3 | Q122: 8.2 | R122: 4.3 | S122: 1.9 | T122: 5.6 | U122: 3 | V122: 13.7 | W122: 19.2 | X122: 21.8 | Y122: 24.6 | Z122: 25.9 | AA122: 24.2 | AB122: 22.4 | AC122: 22 | AD122: 10 | AE122: -1.3 | AF122: -3 | AG122: 60 | AH122: =MAX(B122:AF122) -> 25.9 | AI122: =MIN(B122:AF122) -> -13.2
A123: KHIMTI-LAMOSANGHU | B123: =66.4*1.67 -> 110.888 | C123: =62.2*1.67 -> 103.874 | D123: =65.7*1.67 -> 109.719 | E123: 112 | F123: 110 | G123: 120 | H123: 140 | I123: 143 | J123: 133 | K123: 150 | L123: 160 | M123: =88.4*1.6 -> 141.44 | N123: =73*1.64 -> 119.72 | O123: =66*1.64 -> 108.24 | P123: =75*1.64 -> 123 | Q123: =75*1.64 -> 123 | R123: =67.4*1.6 -> 107.84 | S123: =64.9*1.6 -> 103.84 | T123: =84.7*1.6 -> 135.52 | U123: =68.9*1.6 -> 110.24 | V123: =64*1.6 -> 102.4 | W123: =71.2*1.6 -> 113.92 | X123: =79.9*1.6 -> 127.84 | Y123: =91.7*1.6 -> 146.72 | Z123: =91.3*1.6 -> 146.08 | AA123: =89.1*1.63 -> 145.233 | AB123: =1.64*81.5 -> 133.66 | AC123: 130 | AD123: 120 | AE123: 100 | AF123: 100 | AG123: 120 | AH123: =MAX(B123:AF123) -> 160 | AI123: =MIN(B123:AF123) -> 100
A124: LAMOSHANGU-BHAKTAPUR | B124: 78.4 | C124: 76.7 | D124: 76.6 | E124: 85.9 | F124: 84.2 | G124: 79.5 | H124: 93.4 | I124: 95.7 | J124: 92 | K124: 98.1 | L124: 103.2 | M124: 95.6 | N124: 82.6 | O124: 77 | P124: 81.2 | Q124: 82.9 | R124: 78.8 | S124: 76.1 | T124: 91.6 | U124: 78.6 | V124: 76.1 | W124: 82.5 | X124: 87.8 | Y124: 97.8 | Z124: 97.1 | AA124: 96.7 | AB124: 90.4 | AC124: 98 | AD124: 97 | AE124: 81 | AF124: 80
A125: BALAJU-SYUCHATAR | B125: 55.7 | C125: 59.8 | D125: 64 | E125: 76 | F125: 75.5 | G125: 54.1 | H125: 54.8 | I125: 39.4 | J125: -11.5 | K125: -20.3 | L125: -32 | M125: 39.2 | N125: -37.7 | O125: -38.9 | P125: -16.7 | Q125: -7 | R125: -3.8 | S125: -7.5 | T125: 16.5 | U125: -11.6 | V125: -28.5 | W125: -25.3 | X125: -45.5 | Y125: -62.5 | Z125: -62.1 | AA125: -52.3 | AB125: -45.8 | AC125: -26 | AD125: -5 | AE125: -5 | AF125: 30.6
A126: DHALKE-NAWALPUR I | B126: 93 | C126: 91.8 | D126: 90.8 | E126: 104 | F126: 99.3 | G126: 98.7 | H126: 109.7 | I126: 109.4 | J126: 92 | K126: 91.3 | L126: 84.5 | M126: 75.6 | N126: 62 | O126: 61.6 | P126: 75.2 | Q126: 75.7 | R126: 70.3 | S126: 67 | T126: 88.6 | U126: 97.3 | V126: 75 | W126: 68.9 | X126: 66.3 | Y126: 70.2 | Z126: 70.2 | AA126: 75.2 | AB126: 81.3 | AC126: 92 | AD126: 105 | AE126: 89.4 | AF126: 86.7 | AH126: =MAX(B126:AF126) -> 109.7 | AI126: =MIN(B126:AF126) -> 61.6
A127: N. BHARATPUR-BARDGHAT | B127: 0 | C127: 0 | D127: 0 | E127: 0 | F127: 0 | G127: 0 | H127: 0 | I127: 0 | J127: 0 | K127: 0 | L127: 0 | M127: 0 | N127: 0 | O127: 0 | P127: 0 | Q127: 0 | R127: 0 | S127: 0 | T127: 0 | U127: 0 | V127: 0 | W127: 0 | X127: 0 | Y127: 0 | Z127: 0 | AA127: 0 | AB127: 0 | AC127: 0 | AD127: 0 | AE127: 0 | AF127: 0 | AH127: =MAX(B127:AF127) -> 0 | AI127: =MIN(B127:AF127) -> 0
...

Sheet 1
A1: LOAD DISPATCH CENTRE, NEPAL ELECTRICITY AUTHORITY DAILY SYSTEM OPERATION LOG FOR INPS | AG1: Installed Capacity (MW)
B2: Bhai | D2: Sim | F2: Ktm | H2: Brt | J2: Rainfall | K2: Bhai | L2: Sim | M2: Ktm | N2: Brt | AG2: =AG58 -> 1042.4 | AH2: IPP
V3: * other ipp reduced to 210 due to addition of rudi khola a in log sheet | X3: llkkjmj | AG3: =AG76 -> 489.91 | AH3: NEA RoR
A4: Nepali Date: | B4: ="2080/"&"10/"&INT(MID(CELL("filename",D6),FIND("]",CELL("filename",D6))+1,200)) -> 2080/10/1 | E4: ="2080/"&"10/"&INT(MID(CELL("filename",G6),FIND("]",CELL("filename",G6))+1,200)) -> 2080/10/1 | H4: =TEXT(E4,"dddd") -> Tuesday | K4: ="Total Peak Supply(Inclusive of Export) ("&ROUND(B264,0)&" MW)"&" IPP = "&ROUND(B259,0)&" MW NEA RoR = "&ROUND(B260,0)&" MWImport = "&ROUND(B262,0)&" MW KL1+KL2+K3 = "&ROUND(B261,0) &" MW EXPORT = "&ROUND(B263,0) -> Total Peak Supply(Inclusive of Export) (0 MW) IPP = 0 MW NEA RoR = 0 MWImport = 0 MW KL1+KL2+K3 = 0 MW EXPORT = 0 | AG4: =AG80 -> 106 | AH4: NEA Storage
B5: =C92 -> 598 | C5: =D92 -> 559.6 | D5: =E92 -> 566.1 | E5: =F92 -> 571.9 | F5: =G92 -> 541.1 | G5: =H92 -> 564.8 | H5: =I92 -> 532.9 | I5: =J92 -> 618.1 | ... AE5: =AF92 -> 574.9 | AF5: =B92 -> 556
K6: ="Evening Peak "&ROUND(B264,0)&"MW at "&TRUNC(B265*24,0)&":"&ROUND((B265*24-TRUNC(B265*24,0))*60,0)&"hr at "&ROUND(B266,1)&"Hz "&A256&" "&ROUND(B256,0)&"MW at "&TRUNC(C256*24,0)&":"&ROUND((C256*24-TRUNC(C256*24,0))*6,0)&"0hr" -> Evening Peak 0MW at 0:0hr at 0Hz Morning Peak 1791MW at 8:00hr | AG6: =SUM(AG2:AG4) -> 1638.31 | AH6: Total Hydro
A7: ="Base Load="&ROUND(MIN($B$7:$AF$7),0) -> Base Load=1157 | B7: =B100 -> 1157.29 | C7: =C100 -> 1199.29 | D7: =D100 -> 1160.89 | E7: =E100 -> 1167.69 | F7: =F100 -> 1185.19 | G7: =G100 -> 1224.89 | H7: =H100 -> 1342.59 | I7: =I100 -> 1325.69 | ... AF7: =AF100 -> 1233.09
B8: Night Shift(Contd..) | M8: Morning Shift | S8: Day Shift | AB8: Night Shift
A9: Hrs. Source | B9: 0 | C9: 0.041666667 | D9: 0.083333333 | E9: 0.125 | F9: 0.16666667 | G9: 0.20833333 | H9: 0.22916667 | I9: 0.25 | J9: 0.27083333 | K9: 0.29166667 | L9: 0.3125 | M9: 0.33333333 | N9: 0.375 | O9: 0.41666667 | P9: 0.45833333 | Q9: 0.5 | R9: 0.54166667 | S9: 0.58333333 | T9: 0.625 | U9: 0.66666667 | V9: 0.70833333 | W9: 0.72916667 | X9: 0.75 | Y9: 0.77083333 | Z9: 0.79166667 | AA9: 0.8125 | AB9: 0.83333333 | AC9: 0.85416667 | AD9: 0.875 | AE9: 0.91666667 | AF9: 0.95833333 | AG9: Installed Capacity (MW)
A11: Solu Khola Dudhkoshi(86) | B11: 30.5 | C11: 30.5 | D11: 30.5 | E11: 29.5 | F11: 29 | G11: 28.9 | H11: 28.9 | I11: 28.9 | J11: 28.9 | K11: 28.9 | L11: 28.9 | M11: 28.9 | N11: 27.6 | O11: 25.3 | P11: 26.2 | Q11: 26.3 | R11: 28.3 | S11: 28.3 | T11: 28.3 | U11: 28.3 | V11: 28.3 | W11: 28.3 | X11: 28.3 | Y11: 28.3 | Z11: 15 | AA11: 28.3 | AB11: 28.3 | AC11: 28.3 | AD11: 28.3 | AE11: 28.3 | AF11: 28.3 | AG11: 86 | AH11: =MAX(B11:AF11) -> 30.5 | AI11: =MIN(B11:AF11) -> 15
A12: Likhu-II(55) | B12: 9.8 | C12: 9.8 | D12: 9.8 | E12: 9.8 | F12: 9.8 | G12: 9.8 | H12: 9.8 | I12: 9.8 | J12: 9.8 | K12: 9.8 | L12: 9.8 | M12: 9.8 | N12: 9.8 | O12: 9.8 | P12: 9.8 | Q12: 9.8 | R12: 9.8 | S12: 9.8 | T12: 9.8 | U12: 9.8 | V12: 9.8 | W12: 9.8 | X12: 9.8 | Y12: 9.8 | Z12: 9.8 | AA12: 9.8 | AB12: 9.8 | AC12: 9.8 | AD12: 9.8 | AE12: 9.8 | AF12: 9.8 | AG12: 54 | AH12: =MAX(B12:AF12) -> 9.8 | AI12: =MIN(B12:AF12) -> 9.8
A13: Super Dordi (54) | B13: 10.3 | C13: 10.3 | D13: 10.3 | E13: 10.3 | F13: 10.3 | G13: 10.3 | H13: 10.3 | I13: 10.3 | J13: 10.3 | K13: 10.3 | L13: 10.3 | M13: 10.3 | N13: 10.3 | O13: 10.3 | P13: 10.3 | Q13: 10.3 | R13: 10.3 | S13: 10.3 | T13: 10.3 | U13: 10.3 | V13: 10.3 | W13: 10.3 | X13: 10.3 | Y13: 10.3 | Z13: 10.3 | AA13: 10.3 | AB13: 10.3 | AC13: 10.3 | AD13: 10.3 | AE13: 10.3 | AF13: 10.3 | AG13: 54 | AH13: =MAX(B13:AF13) -> 10.3 | AI13: =MIN(B13:AF13) -> 10.3
A14: Likhu-IV(52.4) | B14: 16.4 | C14: 16.4 | D14: 16.4 | E14: 16.4 | F14: 16.4 | G14: 15.3 | H14: 15.3 | I14: 15.3 | J14: 15.3 | K14: 15.3 | L14: 15.3 | M14: 15.3 | N14: 15.3 | O14: 15.3 | P14: 15.3 | Q14: 15.3 | R14: 15.3 | S14: 15.3 | T14: 15.3 | U14: 15.3 | V14: 15.3 | W14: 15.3 | X14: 15.3 | Y14: 15.3 | Z14: 15.3 | AA14: 15.3 | AB14: 15.3 | AC14: 15.3 | AD14: 15.3 | AE14: 15.3 | AF14: 15.3 | AG14: 52.4 | AH14: =MAX(B14:AF14) -> 16.4 | AI14: =MIN(B14:AF14) -> 15.3
A15: Upper Marsyangdi "A"(50) | B15: 28.3 | C15: 28.3 | D15: 28.3 | E15: 28.3 | F15: 28.3 | G15: 29.1 | H15: 29.1 | I15: 29.1 | J15: 29.1 | K15: 29.1 | L15: 29.1 | M15: 29.1 | N15: 29.1 | O15: 29.1 | P15: 29.1 | Q15: 29.1 | R15: 29.1 | S15: 29.1 | T15: 29.1 | U15: 29.1 | V15: 29.1 | W15: 29.1 | X15: 29.1 | Y15: 29.1 | Z15: 29.1 | AA15: 29.1 | AB15: 29.1 | AC15: 29.1 | AD15: 29.1 | AE15: 29.1 | AF15: 29.1 | AG15: 50 | AH15: =MAX(B15:AF15) -> 29.1 | AI15: =MIN(B15:AF15) -> 28.3
A16: Upper Bhotekoshi Khola(45) | B16: 17.2 | C16: 17.2 | D16: 17.2 | E16: 17.2 | F16: 17.2 | G16: 16.6 | H16: 16.6 | I16: 16.6 | J16: 16.6 | K16: 16.6 | L16: 16.6 | M16: 16.6 | N16: 16.6 | O16: 16.6 | P16: 16.6 | Q16: 16.6 | R16: 16.6 | S16: 16.6 | T16: 16.6 | U16: 16.6 | V16: 16.6 | W16: 16.6 | X16: 16.6 | Y16: 16.6 | Z16: 16.6 | AA16: 16.6 | AB16: 16.6 | AC16: 16.6 | AD16: 16.6 | AE16: 16.6 | AF16: 16.6 | AG16: 45 | AH16: =MAX(B16:AF16) -> 17.2 | AI16: =MIN(B16:AF16) -> 16.6
A17: Super Madi ( 44 ) | B17: 14 | C17: 14 | D17: 14 | E17: 14 | F17: 14 | G17: 14 | H17: 14 | I17: 14 | J17: 14 | K17: 14 | L17: 14 | M17: 14 | N17: 14 | O17: 14 | P17: 14 | Q17: 14 | R17: 14 | S17: 14 | T17: 14 | U17: 14 | V17: 14 | W17: 14 | X17: 14 | Y17: 14 | Z17: 14 | AA17: 14 | AB17: 14 | AC17: 14 | AD17: 14 | AE17: 14 | AF17: 14 | AG17: 44 | AH17: =MAX(B17:AG17) -> 44 | AI17: =MIN(B17:AG17) -> 14
A18: Mistri Khola(42) | B18: 7.5 | C18: 7.5 | D18: 7.5 | E18: 7.5 | F18: 7.5 | G18: 8 | H18: 8 | I18: 8 | J18: 8 | K18: 8 | L18: 8 | M18: 8 | N18: 8 | O18: 8 | P18: 8 | Q18: 8 | R18: 8 | S18: 8 | T18: 8 | U18: 8 | V18: 8 | W18: 8 | X18: 8 | Y18: 8 | Z18: 8 | AA18: 8 | AB18: 8 | AC18: 8 | AD18: 8 | AE18: 8 | AF18: 8 | AG18: 42 | AH18: =MAX(B18:AF18) -> 8 | AI18: =MIN(B18:AF18) -> 7.5
A19: Upper Chameliya(40) | B19: 12.2 | C19: 12.2 | D19: 12.2 | E19: 12.2 | F19: 12.2 | G19: 12.2 | H19: 12.2 | I19: 12.2 | J19: 12.2 | K19: 12.2 | L19: 12.2 | M19: 12.2 | N19: 12.2 | O19: 12.2 | P19: 12.2 | Q19: 12.2 | R19: 12.2 | S19: 12.2 | T19: 12.2 | U19: 12.2 | V19: 12.2 | W19: 12.2 | X19: 12.2 | Y19: 12.2 | Z19: 12.2 | AA19: 12.2 | AB19: 12.2 | AC19: 12.2 | AD19: 12.2 | AE19: 12.2 | AF19: 12.2 | AG19: 38.46 | AH19: =MAX(B19:AF19) -> 12.2 | AI19: =MIN(B19:AF19) -> 12.2
A20: Upper Kalanga Gad(38.46) | B20: 7.8 | C20: 7.8 | D20: 7.8 | E20: 7.8 | F20: 7.8 | G20: 7.8 | H20: 7.8 | I20: 7.8 | J20: 7.8 | K20: 7.8 | L20: 7.8 | M20: 7.8 | N20: 7.8 | O20: 7.8 | P20: 7.8 | Q20: 7.8 | R20: 7.8 | S20: 7.8 | T20: 7.8 | U20: 7.8 | V20: 7.8 | W20: 7.8 | X20: 7.8 | Y20: 7.8 | Z20: 7.8 | AA20: 7.8 | AB20: 7.8 | AC20: 7.8 | AD20: 7.8 | AE20: 7.8 | AF20: 7.8 | AG20: 38.46 | AH20: =MAX(B20:AF20) -> 7.8 | AI20: =MIN(B20:AF20) -> 7.8
A21: Upper Balefi (36) | B21: 13 | C21: 13 | D21: 13 | E21: 13 | F21: 13 | G21: 13 | H21: 13 | I21: 13 | J21: 13 | K21: 13 | L21: 13 | M21: 13 | N21: 13 | O21: 13 | P21: 13 | Q21: 13 | R21: 13 | S21: 13 | T21: 13 | U21: 13 | V21: 13 | W21: 13 | X21: 13 | Y21: 13 | Z21: 13 | AA21: 13 | AB21: 13 | AC21: 13 | AD21: 13 | AE21: 13 | AF21: 13 | AG21: 36 | AH21: =MAX(B21:AF21) -> 13 | AI21: =MIN(B21:AF21) -> 13
A22: Nyadi(30) | B22: 8.8 | C22: 8.8 | D22: 8.8 | E22: 8.8 | F22: 8.8 | G22: 8.8 | H22: 8.8 | I22: 8.8 | J22: 8.8 | K22: 8.8 | L22: 8.8 | M22: 8.8 | N22: 8.8 | O22: 8.8 | P22: 8.8 | Q22: 8.8 | R22: 8.8 | S22: 8.8 | T22: 8.8 | U22: 8.8 | V22: 8.8 | W22: 8.8 | X22: 8.8 | Y22: 8.8 | Z22: 8.8 | AA22: 8.8 | AB22: 8.8 | AC22: 8.8 | AD22: 8.8 | AE22: 8.8 | AF22: 8.8 | AG22: 30 | AH22: =MAX(B22:AF22) -> 8.8 | AI22: =MIN(B22:AF22) -> 8.8
A23: Likhu Khola A(29.04) | B23: 9 | C23: 9 | D23: 9 | E23: 9 | F23: 9 | G23: 9 | H23: 9 | I23: 9 | J23: 9 | K23: 9 | L23: 9 | M23: 9 | N23: 9 | O23: 9 | P23: 9 | Q23: 9 | R23: 9 | S23: 9 | T23: 9 | U23: 9 | V23: 9 | W23: 9 | X23: 9 | Y23: 9 | Z23: 9 | AA23: 9 | AB23: 9 | AC23: 9 | AD23: 9 | AE23: 9 | AF23: 9 | AG23: 24.2 | AH23: =MAX(B23:AF23) -> 9 | AI23: =MIN(B23:AF23) -> 9
A24: Lower Likhu(28) | B24: 7.2 | C24: 7.2 | D24: 7.2 | E24: 7.2 | F24: 7.2 | G24: 7.2 | H24: 7.2 | I24: 7.2 | J24: 7.2 | K24: 7.2 | L24: 7.2 | M24: 7.2 | N24: 7.2 | O24: 7.2 | P24: 7.2 | Q24: 7.2 | R24: 7.2 | S24: 7.2 | T24: 7.2 | U24: 7.2 | V24: 7.2 | W24: 7.2 | X24: 7.2 | Y24: 7.2 | Z24: 7.2 | AA24: 7.2 | AB24: 7.2 | AC24: 7.2 | AD24: 7.2 | AE24: 7.2 | AF24: 7.2 | AG24: 28 | AH24: =MAX(B24:AF24) -> 7.2 | AI24: =MIN(B24:AF24) -> 7.2
A25: Dordi(27) | B25: 6.7 | C25: 6.7 | D25: 6.7 | E25: 6.7 | F25: 6.7 | G25: 6.7 | H25: 6.7 | I25: 6.7 | J25: 6.7 | K25: 6.7 | L25: 6.7 | M25: 6.7 | N25: 6.7 | O25: 6.7 | P25: 6.7 | Q25: 6.7 | R25: 6.7 | S25: 6.7 | T25: 6.7 | U25: 6.7 | V25: 6.7 | W25: 6.7 | X25: 6.7 | Y25: 6.7 | Z25: 6.7 | AA25: 6.7 | AB25: 6.7 | AC25: 6.7 | AD25: 6.7 | AE25: 6.7 | AF25: 6.7 | AG25: 30 | AH25: =MAX(B25:AF25) -> 6.7 | AI25: =MIN(B25:AF25) -> 6.7
A26: Upper Madi(25) | B26: 8.2 | C26: 8.2 | D26: 8.2 | E26: 8.2 | F26: 8.2 | G26: 8.2 | H26: 8.2 | I26: 8.2 | J26: 8.2 | K26: 8.2 | L26: 8.2 | M26: 8.2 | N26: 8.2 | O26: 8.2 | P26: 8.2 | Q26: 8.2 | R26: 8.2 | S26: 8.2 | T26: 8.2 | U26: 8.2 | V26: 8.2 | W26: 8.2 | X26: 8.2 | Y26: 8.2 | Z26: 8.2 | AA26: 8.2 | AB26: 8.2 | AC26: 8.2 | AD26: 8.2 | AE26: 8.2 | AF26: 8.2 | AG26: 25 | AH26: =MAX(B26:AF26) -> 8.2 | AI26: =MIN(B26:AF26) -> 8.2
A27: Kabeli B-1(25) | B27: 5 | C27: 5 | D27: 5 | E27: 5 | F27: 5 | G27: 5 | H27: 5 | I27: 5 | J27: 5 | K27: 5 | L27: 5 | M27: 5 | N27: 5 | O27: 5 | P27: 5 | Q27: 5 | R27: 5 | S27: 5 | T27: 5 | U27: 5 | V27: 5 | W27: 5 | X27: 5 | Y27: 5 | Z27: 5 | AA27: 5 | AB27: 5 | AC27: 5 | AD27: 5 | AE27: 5 | AF27: 5 | AG27: 25 | AH27: =MAX(B27:AF27) -> 5 | AI27: =MIN(B27:AF27) -> 5
A28: Singati Khola(25) | B28: 6 | C28: 6 | D28: 6 | E28: 6 | F28: 6 | G28: 6 | H28: 6 | I28: 6 | J28: 6 | K28: 6 | L28: 6 | M28: 6 | N28: 6 | O28: 6 | P28: 6 | Q28: 6 | R28: 6 | S28: 6 | T28: 6 | U28: 6 | V28: 6 | W28: 6 | X28: 6 | Y28: 6 | Z28: 6 | AA28: 6 | AB28: 6 | AC28: 6 | AD28: 6 | AE28: 6 | AF28: 6 | AG28: 25 | AH28: =MAX(B28:AF28) -> 6 | AI28: =MIN(B28:AF28) -> 6
A29: Upper Dordi (25) | B29: 7.4 | C29: 7.4 | D29: 7.4 | E29: 7.4 | F29: 7.4 | G29: 7.4 | H29: 7.4 | I29: 7.4 | J29: 7.4 | K29: 7.4 | L29: 7.4 | M29: 7.4 | N29: 7.4 | O29: 7.4 | P29: 7.4 | Q29: 7.4 | R29: 7.4 | S29: 7.4 | T29: 7.4 | U29: 7.4 | V29: 7.4 | W29: 7.4 | X29: 7.4 | Y29: 7.4 | Z29: 7.4 | AA29: 7.4 | AB29: 7.4 | AC29: 7.4 | AD29: 7.4 | AE29: 7.4 | AF29: 7.4 | AG29: 25 | AH29: =MAX(B29:AF29) -> 7.4 | AI29: =MIN(B29:AF29) -> 7.4
... A56: Other IPP Total | B56: 150 | C56: 150 | D56: 150 | E56: 150 | F56: 150 | G56: 150 | H56: 150 | I56: 150 | J56: 150 | K56: 150 | L56: 150 | M56: 150 | N56: 150 | O56: 150 | P56: 150 | Q56: 150 | R56: 150 | S56: 150 | T56: 150 | U56: 150 | V56: 150 | W56: 150 | X56: 150 | Y56: 150 | Z56: 150 | AA56: 150 | AB56: 150 | AC56: 150 | AD56: 150 | AE56: 150 | AF56: 150 | AG56: 85 | AH56: =MAX(B56:AF56) -> 150 | AI56: =MIN(B56:AF56) -> 150
A57: Kabeli Corridor | B57: 26.3 | C57: 26.3 | D57: 26.3 | E57: 27.1 | F57: 24.3 | G57: 24.3 | H57: 24.3 | I57: 24.3 | J57: 21.5 | K57: 21.5 | L57: 21.5 | M57: 14.2 | N57: =14.1+5.9 -> 20 | O57: =16.1+6.6 -> 22.7 | P57: =16.6+7.2 -> 23.8 | Q57: =18.2+9.5 -> 27.7 | R57: =14.6+4.5 -> 19.1 | S57: 16.5 | T57: 16.5 | U57: 19.7 | V57: 17.1 | W57: 17.1 | X57: 15 | Y57: 15 | Z57: 15 | AA57: 15 | AB57: 15 | AC57: 15 | AD57: 15 | AE57: 15 | AF57: 15 | AG57: 240 | AH57: =MAX(B57:AF57) -> 27.7 | AI57: =MIN(B57:AF57) -> 14.2
A58: Total IPP | B58: =SUM(B11:B56) -> 484.25 | C58: =SUM(C11:C56) -> 484.25 | D58: =SUM(D11:D56) -> 484.25 | E58: =SUM(E11:E56) -> 483.25 | F58: =SUM(F11:F56) -> 482.75 | G58: =SUM(G11:G56) -> 482.25 | H58: =SUM(H11:H56) -> 482.25 | I58: =SUM(I11:I56) -> 482.25 | ... AF58: =SUM(AF11:AF56) -> 481.65 | AG58: =SUM(AG14:AG56) -> 1042.4 | AH58: =MAX(B58:AF58) -> 484.25 | AI58: =MIN(B58:AF58) -> 468.35
A59: Upper Tamakoshi(456) | B59: 0 | C59: 0 | D59: 0 | E59: 0 | F59: 0 | G59: 0 | H59: 0 | I59: 0 | J59: 100 | K59: 270 | L59: 400 | M59: 420 | N59: 260 | O59: 140 | P59: 15 | Q59: 35 | R59: 15 | S59: 20 | T59: 0 | U59: 0 | V59: 15 | W59: 30 | X59: 230 | Y59: 300 | Z59: 340 | AA59: 320 | AB59: 230 | AC59: 230 | AD59: 40 | AE59: 0 | AF59: 0 | AG59: 456 | AH59: =MAX(B59:AF59) -> 420 | AI59: =MIN(B59:AF59) -> 0
A60: Khimti Khola(60) | B60: 30 | C60: 30 | D60: 30 | E60: 30 | F60: 30 | G60: 30 | H60: 30 | I60: 30 | J60: 30 | K60: 30 | L60: 30 | M60: 30 | N60: 30 | O60: 30 | P60: 30 | Q60: 30 | R60: 30 | S60: 30 | T60: 30 | U60: 30 | V60: 30 | W60: 30 | X60: 30 | Y60: 30 | Z60: 30 | AA60: 30 | AB60: 30 | AC60: 30 | AD60: 30 | AE60: 30 | AF60: 30 | AG60: 60 | AH60: =MAX(B60:AF60) -> 30 | AI60: =MIN(B60:AF60) -> 30
A61: Chilime(22.1) | B61: 10 | C61: 10 | D61: 10 | E61: 10 | F61: 10.2 | G61: 10.2 | H61: 10.2 | I61: 10.2 | J61: 10.2 | K61: 10.3 | L61: 10.3 | M61: 10.2 | N61: 10.2 | O61: 10.2 | P61: 10.2 | Q61: 10.2 | R61: 10.2 | S61: 10.2 | T61: 10.2 | U61: 10.2 | V61: 10.2 | W61: 10.2 | X61: 10.2 | Y61: 10.2 | Z61: 10.2 | AA61: 10.2 | AB61: 10.2 | AC61: 10.2 | AD61: 10.2 | AE61: 10.2 | AF61: 10.2 | AG61: 22.1 | AH61: =MAX(B61:AF61) -> 10.3 | AI61: =MIN(B61:AF61) -> 10
A62: Total NEA SUBSIDIARIES | B62: =SUM(B59:B61) -> 40 | C62: =SUM(C59:C61) -> 40 | D62: =SUM(D59:D61) -> 40 | E62: =SUM(E59:E61) -> 40 | F62: =SUM(F59:F61) -> 40.2 | G62: =SUM(G59:G61) -> 40.2 | H62: =SUM(H59:H61) -> 40.2 | I62: =SUM(I59:I61) -> 40.2 | ... AG62: =SUM(AG59:AG61) -> 538.1 | AH62: =MAX(B62:AF62) -> 460.2 | AI62: =MIN(B62:AF62) -> 40
A63: KGA(144) | B63: 0 | C63: 0 | D63: 0 | E63: 0 | F63: 0 | G63: 30 | H63: 96 | I63: 96 | J63: 111.4 | K63: 140 | L63: 133.7 | M63: 144.1 | N63: 60.9 | O63: 60.9 | P63: 30 | Q63: 48 | R63: 49 | S63: 49 | T63: 43 | U63: 43 | V63: 62.2 | W63: 62.2 | X63: 98 | Y63: 130 | Z63: 130 | AA63: 134 | AB63: 91.1 | AC63: 80.1 | AD63: 61.1 | AE63: 48.7 | AF63: 30.6 | AG63: 144 | AH63: =MAX(B63:AF63) -> 144.1 | AI63: =MIN(B63:AF63) -> 0
A64: Middle MRS(70) | B64: 0 | C64: 0 | D64: 0 | E64: 0 | F64: 0 | G64: 16 | H64: 35 | I64: 50 | J64: 51.4 | K64: 65 | L64: 65 | M64: 65 | N64: 43 | O64: 43 | P64: 43 | Q64: 35 | R64: 35 | S64: 35 | T64: 25 | U64: 25 | V64: 25 | W64: 25 | X64: 69 | Y64: 60 | Z64: 60 | AA64: 45 | AB64: 35 | AC64: 25 | AD64: 25 | AE64: 25 | AF64: 25 | AG64: 70 | AH64: =MAX(B64:AF64) -> 69 | AI64: =MIN(B64:AF64) -> 0
A65: MRS(69) | B65: 0 | C65: 0 | D65: 0 | E65: 0 | F65: 0 | G65: 25 | H65: 34.3 | I65: 34.3 | J65: 68.3 | K65: 55.9 | L65: 69 | M65: 64 | N65: 53.6 | O65: 53.6 | P65: 33.8 | Q65: 33.7 | R65: 39.3 | S65: 34 | T65: 34 | U65: 34 | V65: 34 | W65: 34 | X65: 69 | Y65: 68 | Z65: 68 | AA65: 68 | AB65: 67.1 | AC65: 48.1 | AD65: 48.9 | AE65: 49.2 | AF65: 0 | AG65: 69 | AH65: =MAX(B65:AF65) -> 69 | AI65: =MIN(B65:AF65) -> 0
A66: U Trisuli 3A(60) | B66: 38 | C66: 38 | D66: 38 | E66: 39.3 | F66: 39.3 | G66: 39.3 | H66: 39 | I66: 39 | J66: 39.32 | K66: 39.32 | L66: 41.1 | M66: 41.2 | N66: 38.8 | O66: 38.8 | P66: 39.3 | Q66: 40.3 | R66: 40.3 | S66: 40.3 | T66: 38.5 | U66: 38.5 | V66: 38.5 | W66: 38.5 | X66: 38.5 | Y66: 38 | Z66: 38 | AA66: 38 | AB66: 38 | AC66: 38 | AD66: 38 | AE66: 41.3 | AF66: 41.3 | AG66: 60 | AH66: =MAX(B66:AF66) -> 41.3 | AI66: =MIN(B66:AF66) -> 38
A67: CHM(30) | B67: 0 | C67: 0 | D67: 0 | E67: 0 | F67: 12 | G67: 12 | H67: 12 | I67: 12 | J67: 15 | K67: 23 | L67: 29 | M67: 28.8 | N67: 10 | O67: 0 | P67: 0 | Q67: 10 | R67: 10 | S67: 10 | T67: 10 | U67: 10 | V67: 10 | W67: 0 | X67: 10 | Y67: 15 | Z67: 23 | AA67: 23 | AB67: 28 | AC67: 28 | AD67: 10 | AE67: 0 | AF67: 0 | AG67: 30 | AH67: =MAX(B67:AF67) -> 29 | AI67: =MIN(B67:AF67) -> 0 | AZ67: 1 | BA67: 2 | BB67: 3 | BC67: 4 | BD67: 5 | BE67: 6 | BF67: 7 | BG67: 8 | BH67: 9 | BI67: 10 | BJ67: 11 | BK67: 12 | BL67: 13 | BM67: 14 | BN67: 15 | BO67: 16 | BP67: 17 | BQ67: 18 | BR67: 19 | BS67: 20 | BT67: 21 | BU67: 22 | BV67: 23 | BW67: 24
A68: NEA SOLAR(25) | B68: 0 | C68: 0 | D68: 0 | E68: 0 | F68: 0 | G68: 0 | H68: 0 | I68: 0 | J68: 0 | K68: 0 | L68: 2.6 | M68: 3.8 | N68: 6 | O68: 11 | P68: 10.1 | Q68: 14.6 | R68: 14.6 | S68: 13.6 | T68: 8 | U68: 3.2 | V68: 0.7 | W68: 0.2 | X68: 0 | Y68: 0 | Z68: 0 | AA68: 0 | AB68: 0 | AC68: 0 | AD68: 0 | AE68: 0 | AF68: 0 | AG68: 25 | AH68: =MAX(B68:AF68) -> 14.6 | AI68: =MIN(B68:AF68) -> 0 | AY68: Tanakpur | AZ68: =ROUND(C81,0) -> 71 | BA68: =D81 -> 72 | BB68: =E81 -> 70.3 | BC68: =F81 -> 75 | BD68: =G81 -> 74.1 | BE68: =I81 -> 63.3 | BF68: =K81 -> 46.9 | BG68: =M81 -> 27.8 | BH68: =N81 -> 32.8 | BI68: =O81 -> 56.6 | BJ68: =P81 -> 54.8 | BK68: =Q81 -> 61.7 | BL68: =R81 -> 67.4 | BM68: =S81 -> 29.2 | BN68: =T81 -> 73 | ... BP68: =V81 -> 54.8 | BQ68: =X81 -> 64.4 | BR68: =Z81 -> 57 | BS68: =AB81 -> 54.8 | BT68: =AD81 -> 64.1 | BU68: =AE81 -> 67.4 | BV68: =AF81 -> 61.6 | BW68: =B81 -> 68
A69: TRI(24) | B69: 15 | C69: 15 | D69: 15 | E69: 15 | F69: 15 | G69: 15 | H69: 15 | I69: 15 | J69: 15 | K69: 15 | L69: 15 | M69: 15 | N69: 15 | O69: 15 | P69: 15 | Q69: 15 | R69: 15 | S69: 15 | T69: 15 | U69: 15 | V69: 15 | W69: 15 | X69: 15 | Y69: 15 | Z69: 15 | AA69: 15 | AB69: 15 | AC69: 15 | AD69: 15 | AE69: 15 | AF69: 15 | AG69: 24 | AH69: =MAX(B69:AF69) -> 15 | AI69: =MIN(B69:AF69) -> 15 | AY69: Kat | AZ69: =ROUND(C82,0) -> 0 | BA69: =D82 -> 0 | BB69: =E82 -> 0 | BC69: =F82 -> 0 | BD69: =G82 -> 0 | BE69: =I82 -> 0 | BF69: =K82 -> 0 | BG69: =M82 -> 0 | BH69: =N82 -> 0 | BI69: =O82 -> 0 | BJ69: =P82 -> 0 | BK69: =Q82 -> 0 | BL69: =R82 -> 0 | BM69: =S82 -> 0 | BN69: =T82 -> 0 | ... BP69: =V82 -> 0 | BQ69: =X82 -> 0 | BR69: =Z82 -> 0 | BS69: =AB82 -> 0 | BT69: =AD82 -> 0 | BU69: =AE82 -> 0 | BV69: =AF82 -> 0 | BW69: =B82 -> 0
A70: GDK(15) | B70: 4 | C70: 4 | D70: 4 | E70: 4 | F70: 4 | G70: 4 | H70: 4 | I70: 4 | J70: 4 | K70: 4 | L70: 4 | M70: 4 | N70: 4 | O70: 4 | P70: 4 | Q70: 4 | R70: 4 | S70: 4 | T70: 4 | U70: 4 | V70: 4 | W70: 4 | X70: 4 | Y70: 4 | Z70: 4 | AA70: 4 | AB70: 4 | AC70: 4 | AD70: 4 | AE70: 4 | AF70: 4 | AG70: 15 | AH70: =MAX(B70:AF70) -> 4 | AI70: =MIN(B70:AF70) -> 4 | AY70: Muz | AZ70: =ROUND(C83,0) -> 446 | BA70: =D83 -> 410 | BB70: =E83 -> 423 | BC70: =F83 -> 421.3 | BD70: =G83 -> 389 | BE70: =I83 -> 402 | BF70: =K83 -> 181 | BG70: =M83 -> 86.3 | BH70: =N83 -> 168.8 | BI70: =O83 -> 210 | BJ70: =P83 -> 414 | BK70: =Q83 -> 435.6 | BL70: =R83 -> 416 | BM70: =S83 -> 452.7 | BN70: =T83 -> 483 | ... BP70: =V83 -> 375 | BQ70: =X83 -> 222 | BR70: =Z83 -> 83 | BS70: =AB83 -> 190 | BT70: =AD83 -> 392 | BU70: =AE83 -> 414.2 | BV70: =AF83 -> 388.9 | BW70: =B83 -> 413
A71: DEVI(14.1) | B71: 8.4 | C71: 8.4 | D71: 8.4 | E71: 8.4 | F71: 8.4 | G71: 8.4 | H71: 8.4 | I71: 8.4 | J71: 10 | K71: 10 | L71: 10.8 | M71: 10.8 | N71: 10.8 | O71: 10.8 | P71: 10.8 | Q71: 10.8 | R71: 10.8 | S71: 10.8 | T71: 10.8 | U71: 10.8 | V71: 10.8 | W71: 10.8 | X71: 10.8 | Y71: 10.8 | Z71: 10.8 | AA71: 10.8 | AB71: 10.8 | AC71: 10.8 | AD71: 10.8 | AE71: 10.8 | AF71: 10.8 | AG71: 14.1 | AH71: =MAX(B71:AF71) -> 10.8 | AI71: =MIN(B71:AF71) -> 8.4 | AY71: Ram | AZ71: =ROUND(C84,0) -> 57 | BA71: =D84 -> 53.6 | BB71: =E84 -> 50.2 | BC71: =F84 -> 51.2 | BD71: =G84 -> 55 | BE71: =I84 -> 43 | BF71: =K84 -> 28 | BG71: =M84 -> 7 | BH71: =N84 -> 7 | BI71: =O84 -> 28 | BJ71: =P84 -> 42 | BK71: =Q84 -> 49 | BL71: =R84 -> 48 | BM71: =S84 -> 50.2 | BN71: =T84 -> 52 | ... BP71: =V84 -> 5 | BQ71: =X84 -> 5 | BR71: =Z84 -> 5 | BS71: =AB84 -> 5 | BT71: =AD84 -> 5 | BU71: =AE84 -> 50 | BV71: =AF84 -> 44.5 | BW71: =B84 -> 53
A72: MODI(14) | B72: 3.6 | C72: 3.6 | D72: 3.6 | E72: 3.6 | F72: 3.6 | G72: 3.6 | H72: 3.6 | I72: 3.6 | J72: 3.6 | K72: 3.6 | L72: 3.6 | M72: 3.6 | N72: 3.6 | O72: 3.6 | P72: 3.6 | Q72: 3.6 | R72: 3.6 | S72: 3.6 | T72: 3.6 | U72: 3.6 | V72: 3.6 | W72: 3.6 | X72: 3.6 | Y72: 3.6 | Z72: 3.6 | AA72: 3.6 | AB72: 3.6 | AC72: 3.6 | AD72: 3.6 | AE72: 3.6 | AF72: 3.6 | AG72: 14 | AH72: =MAX(B72:AF72) -> 3.6 | AI72: =MIN(B72:AF72) -> 3.6 | AY72: Rax | AZ72: =ROUND(C85,0) -> 24 | BA72: =D85 -> 24 | BB72: =E85 -> 22.6 | BC72: =F85 -> 24.4 | BD72: =G85 -> 23 | BE72: =I85 -> 24.6 | BF72: =K85 -> 24 | BG72: =M85 -> 0 | BH72: =N85 -> 0 | BI72: =O85 -> 30 | BJ72: =P85 -> 66 | BK72: =Q85 -> 99 | BL72: =R85 -> 108 | BM72: =S85 -> 102 | BN72: =T85 -> 106 | ... BP72: =V85 -> 0 | BQ72: =X85 -> 32 | BR72: =Z85 -> 107 | BS72: =AB85 -> 112.6 | BT72: =AD85 -> 121.6 | BU72: =AE85 -> 34.2 | BV72: =AF85 -> 25 | BW72: =B85 -> 22
A73: SUN(10.05) | B73: 2.5 | C73: 2.5 | D73: 2.5 | E73: 2.5 | F73: 2.5 | G73: 2.5 | H73: 2.5 | I73: 2.5 | J73: 2.5 | K73: 2.5 | L73: 2.5 | M73: 2.5 | N73: 2.5 | O73: 2.5 | P73: 2.5 | Q73: 2.5 | R73: 2.5 | S73: 2.5 | T73: 2.5 | U73: 2.5 | V73: 2.5 | W73: 2.5 | X73: 2.5 | Y73: 2.5 | Z73: 2.5 | AA73: 2.5 | AB73: 2.5 | AC73: 2.5 | AD73: 2.5 | AE73: 2.5 | AF73: 2.5 | AG73: 10.05 | AH73: =MAX(B73:AF73) -> 2.5 | AI73: =MIN(B73:AF73) -> 2.5 | AY73: Sam | AZ73: =ROUND(C91,0) -> 0 | BA73: =D91 -> 0 | BB73: =E91 -> 0 | BC73: =F91 -> 0 | BD73: =G91 -> 0 | BE73: =I91 -> 0 | BF73: =K91 -> 71 | BG73: =M91 -> 59.2 | BH73: =N91 -> 66.1 | BI73: =O91 -> 72.8 | BJ73: =P91 -> 79 | BK73: =Q91 -> 73.6 | BL73: =R91 -> 73.7 | BM73: =S91 -> 73.8 | BN73: =T91 -> 69 | ... BP73: =V91 -> 48.2 | BQ73: =X91 -> 56 | BR73: =Z91 -> 58 | BS73: =AB91 -> 53.1 | BT73: =AD91 -> 73.8 | BU73: =AE91 -> 70 | BV73: =AF91 -> 54.9 | BW73: =B91 -> 0
A74: PUWA(6.2) | B74: 2 | C74: 2 | D74: 2 | E74: 2 | F74: 2 | G74: 2 | H74: 2 | I74: 2 | J74: 2 | K74: 2 | L74: 2 | M74: 2 | N74: 2 | O74: 2 | P74: 2 | Q74: 2 | R74: 2 | S74: 2 | T74: 2 | U74: 2 | V74: 2 | W74: 2 | X74: 2 | Y74: 2 | Z74: 2 | AA74: 2 | AB74: 2 | AC74: 2 | AD74: 2 | AE74: 2 | AF74: 2 | AG74: 6.2 | AH74: =MAX(B74:AF74) -> 2 | AI74: =MIN(B74:AF74) -> 2
A75: Other NEA Small | B75: 3.54 | C75: 3.54 | D75: 3.54 | E75: 3.54 | F75: 3.54 | G75: 3.54 | H75: 3.54 | I75: 3.54 | J75: 3.54 | K75: 3.54 | L75: 3.54 | M75: 3.54 | N75: 3.54 | O75: 3.54 | P75: 3.54 | Q75: 3.54 | R75: 3.54 | S75: 3.54 | T75: 3.54 | U75: 3.54 | V75: 3.54 | W75: 3.54 | X75: 3.54 | Y75: 3.54 | Z75: 5.5 | AA75: 3.54 | AB75: 3.54 | AC75: 3.54 | AD75: 3.54 | AE75: 3.54 | AF75: 3.54 | AG75: =AG252 -> 8.56 | AH75: =MAX(B75:AF75) -> 5.5 | AI75: =MIN(B75:AF75) -> 3.54 | AZ75: =VALUE(AZ68) -> 71 | BA75: =VALUE(BA68) -> 72 | BB75: =VALUE(BB68) -> 70.3 | BC75: =VALUE(BC68) -> 75 | BD75: =VALUE(BD68) -> 74.1 | BE75: =VALUE(BE68) -> 63.3 | BF75: =VALUE(BF68) -> 46.9 | BG75: =VALUE(BG68) -> 27.8 | ... BW75: =VALUE(BW68) -> 68
A76: Total ROR | B76: =SUM(B63:B75) -> 77.04 | C76: =SUM(C63:C75) -> 77.04 | D76: =SUM(D63:D75) -> 77.04 | E76: =SUM(E63:E75) -> 78.34 | F76: =SUM(F63:F75) -> 90.34 | G76: =SUM(G63:G75) -> 161.34 | H76: =SUM(H63:H75) -> 255.34 | I76: =SUM(I63:I75) -> 270.34 | ... AG76: =SUM(AG63:AG75) -> 489.91 | AH76: =MAX(B76:AF76) -> 388.34 | AI76: =MIN(B76:AF76) -> 77.04 | AZ76: =VALUE(AZ69) -> 0 | BA76: =VALUE(BA69) -> 0 | BB76: =VALUE(BB69) -> 0 | BC76: =VALUE(BC69) -> 0 | BD76: =VALUE(BD69) -> 0 | BE76: =VALUE(BE69) -> 0 | BF76: =VALUE(BF69) -> 0 | BG76: =VALUE(BG69) -> 0 | ... BW76: =VALUE(BW69) -> 0
A77: KL1(60) | AG77: 60 | AH77: =MAX(B77:AF77) -> 0 | AI77: =MIN(B77:AF77) -> 0 | AZ77: =VALUE(AZ70) -> 446 | BA77: =VALUE(BA70) -> 410 | BB77: =VALUE(BB70) -> 423 | BC77: =VALUE(BC70) -> 421.3 | BD77: =VALUE(BD70) -> 389 | BE77: =VALUE(BE70) -> 402 | BF77: =VALUE(BF70) -> 181 | BG77: =VALUE(BG70) -> 86.3 | ... BW77: =VALUE(BW70) -> 413
A78: KL2(32) | J78: 4.4 | AG78: 32 | AH78: =MAX(B78:AF78) -> 4.4 | AI78: =MIN(B78:AF78) -> 4.4 | AZ78: =VALUE(AZ71) -> 57 | BA78: =VALUE(BA71) -> 53.6 | BB78: =VALUE(BB71) -> 50.2 | BC78: =VALUE(BC71) -> 51.2 | BD78: =VALUE(BD71) -> 55 | BE78: =VALUE(BE71) -> 43 | BF78: =VALUE(BF71) -> 28 | BG78: =VALUE(BG71) -> 7 | ... BW78: =VALUE(BW71) -> 53
A79: KL3(14) | J79: 1.7 | AG79: 14 | AH79: =MAX(B79:AF79) -> 1.7 | AI79: =MIN(B79:AF79) -> 1.7 | AZ79: =VALUE(AZ72) -> 24 | BA79: =VALUE(BA72) -> 24 | BB79: =VALUE(BB72) -> 22.6 | BC79: =VALUE(BC72) -> 24.4 | BD79: =VALUE(BD72) -> 23 | BE79: =VALUE(BE72) -> 24.6 | BF79: =VALUE(BF72) -> 24 | BG79: =VALUE(BG72) -> 0 | ... BW79: =VALUE(BW72) -> 22
A80: Total STORGE | B80: =B77+B78+B79 -> 0 | C80: =C77+C78+C79 -> 0 | D80: =D77+D78+D79 -> 0 | E80: =E77+E78+E79 -> 0 | F80: =F77+F78+F79 -> 0 | G80: =G77+G78+G79 -> 0 | H80: =H77+H78+H79 -> 0 | I80: =I77+I78+I79 -> 0 | ... AF80: =AF77+AF78+AF79 -> 0 | AG80: =SUM(AG77:AG79) -> 106 | AH80: =MAX(B80:AF80) -> 6.1 | AI80: =MIN(B80:AF80) -> 0 | AZ80: =VALUE(AZ73) -> 0 | BA80: =VALUE(BA73) -> 0 | BB80: =VALUE(BB73) -> 0 | BC80: =VALUE(BC73) -> 0 | BD80: =VALUE(BD73) -> 0 | BE80: =VALUE(BE73) -> 0 | BF80: =VALUE(BF73) -> 71 | BG80: =VALUE(BG73) -> 59.2 | ... BW80: =VALUE(BW73) -> 0
A81: TANAKPUR | B81: 68 | C81: 71 | D81: 72 | E81: 70.3 | F81: 75 | G81: 74.1 | H81: 62 | I81: 63.3 | J81: 72 | K81: 46.9 | L81: 32.9 | M81: 27.8 | N81: 32.8 | O81: 56.6 | P81: 54.8 | Q81: 61.7 | R81: 67.4 | S81: 29.2 | T81: 73 | U81: 52.1 | V81: 54.8 | W81: 67 | X81: 64.4 | Y81: 64.7 | Z81: 57 | AA81: 52 | AB81: 54.8 | AC81: 62.5 | AD81: 64.1 | AE81: 67.4 | AF81: 61.6 | AH81: =MAX(B81:AF81) -> 75 | AI81: =MIN(B81:AF81) -> 27.8
A82: KATAIYA | AH82: =MAX(B82:AF82) -> 0 | AI82: =MIN(B82:AF82) -> 0
A83: MUJAFFARPUR | B83: 413 | C83: 446 | D83: 410 | E83: 423 | F83: 421.3 | G83: 389 | H83: 432 | I83: 402 | J83: 401 | K83: 181 | L83: 125.6 | M83: 86.3 | N83: 168.8 | O83: 210 | P83: 414 | Q83: 435.6 | R83: 416 | S83: 452.7 | T83: 483 | U83: 499 | V83: 375 | W83: 399.6 | X83: 222 | Y83: 181 | Z83: 83 | AA83: 103 | AB83: 190 | AC83: 253 | AD83: 392 | AE83: 414.2 | AF83: 388.9 | AH83: =MAX(B83:AF83) -> 499 | AI83: =MIN(B83:AF83) -> 83
A84: RAMNAGAR | B84: 53 | C84: 57 | D84: 53.6 | E84: 50.2 | F84: 51.2 | G84: 55 | H84: 48 | I84: 43 | J84: 52 | K84: 28 | L84: 6 | M84: 7 | N84: 7 | O84: 28 | P84: 42 | Q84: 49 | R84: 48 | S84: 50.2 | T84: 52 | U84: 37 | V84: 5 | W84: 5 | X84: 5 | Y84: 5 | Z84: 5 | AA84: 5 | AB84: 5 | AC84: 5 | AD84: 5 | AE84: 50 | AF84: 44.5 | AH84: =MAX(B84:AF84) -> 57 | AI84: =MIN(B84:AF84) -> 5 | BG84: {=TRANSPOSE(AZ68:BW73)} -> 71 | BH84: 0 | BI84: 446 | BJ84: 57 | BK84: 24 | BL84: 0
A85: RAXAUL 132 | B85: 22 | C85: 24 | D85: 24 | E85: 22.6 | F85: 24.4 | G85: 23 | H85: 22.8 | I85: 24.6 | J85: 26.1 | K85: 24 | L85: 0 | M85: 0 | N85: 0 | O85: 30 | P85: 66 | Q85: 99 | R85: 108 | S85: 102 | T85: 106 | U85: 88 | V85: 0 | W85: 0 | X85: 32 | Y85: 76 | Z85: 107 | AA85: 106 | AB85: 112.6 | AC85: =57.4*2 -> 114.8 | AD85: 121.6 | AE85: 34.2 | AF85: 25 | AH85: =MAX(B85:AF85) -> 121.6 | AI85: =MIN(B85:AF85) -> 0 | BG85: 72 | BH85: 0 | BI85: 410 | BJ85: 53.6 | BK85: 24 | BL85: 0
A86: NANPARA(33kV) | AH86: =MAX(B86:AF86) -> 0 | AI86: =MIN(B86:AF86) -> 0 | BG86: 70.3 | BH86: 0 | BI86: 423 | BJ86: 50.2 | BK86: 22.6 | BL86: 0
A87: BISHANPUR(33kV) | AH87: =MAX(B87:AF87) -> 0 | AI87: =MIN(B87:AF87) -> 0 | AL87: UTK Discharge Test | BG87: 75 | BH87: 0 | BI87: 421.3 | BJ87: 51.2 | BK87: 24.4 | BL87: 0
A88: JALESHWOR(33kV) | AH88: =MAX(B88:AF88) -> 0 | AI88: =MIN(B88:AF88) -> 0 | BG88: 74.1 | BH88: 0 | BI88: 389 | BJ88: 55 | BK88: 23 | BL88: 0
A89: RAJBIRAJ(33kV) | AH89: =MAX(B89:AF89) -> 0 | AI89: =MIN(B89:AF89) -> 0 | AK89: Line1 | BG89: 63.3 | BH89: 0 | BI89: 402 | BJ89: 43 | BK89: 24.6 | BL89: 0
A90: RAXAUL(33kV) | AH90: =MAX(B90:AF90) -> 0 | AI90: =MIN(B90:AF90) -> 0 | AK90: Line 2 | BG90: 46.9 | BH90: 0 | BI90: 181 | BJ90: 28 | BK90: 24 | BL90: 71
A91: SAMPATIYA 132 kV | B91: 0 | F91: 0 | G91: 0 | H91: 0 | J91: 67 | K91: 71 | L91: 61 | M91: 59.2 | N91: 66.1 | O91: 72.8 | P91: 79 | Q91: 73.6 | R91: 73.7 | S91: 73.8 | T91: 69 | U91: 69.4 | V91: 48.2 | W91: 53.9 | X91: 56 | Y91: 58 | Z91: 58 | AA91: 56 | AB91: 53.1 | AC91: 68.8 | AD91: 73.8 | AE91: 70 | AF91: 54.9 | AH91: =MAX(B91:AF91) -> 79 | AI91: =MIN(B91:AF91) -> 0 | BG91: 27.8 | BH91: 0 | BI91: 86.3 | BJ91: 7 | BK91: 0 | BL91: 59.2
A92: Total IMPORT | B92: =SUMIF(B81:B91,">0") -> 556 | C92: =SUMIF(C81:C91,">0") -> 598 | D92: =SUMIF(D81:D91,">0") -> 559.6 | E92: =SUMIF(E81:E91,">0") -> 566.1 | F92: =SUMIF(F81:F91,">0") -> 571.9 | G92: =SUMIF(G81:G91,">0") -> 541.1 | H92: =SUMIF(H81:H91,">0") -> 564.8 | I92: =SUMIF(I81:I91,">0") -> 532.9 | ... AF92: =SUMIF(AF81:AF91,">0") -> 574.9 | AG92: =SUM(AG81:AG91) -> 0 | AH92: =MAX(B92:AF92) -> 783 | AI92: =MIN(B92:AF92) -> 180.3 | BG92: 32.8 | BH92: 0 | BI92: 168.8 | BJ92: 7 | BK92: 0 | BL92: 66.1
A93: MULTI F(39) | B93: 0 | C93: 0 | D93: 0 | E93: 0 | F93: 0 | G93: 0 | H93: 0 | I93: 0 | J93: 0 | K93: 0 | L93: 0 | M93: 0 | N93: 0 | O93: 0 | P93: 0 | Q93: 0 | R93: 0 | S93: 0 | T93: 0 | U93: 0 | V93: 0 | W93: 0 | X93: 0 | Y93: 0 | Z93: 0 | AA93: 0 | AB93: 0 | AC93: 0 | AD93: 0 | AE93: 0 | AF93: 0 | AG93: 39 | AH93: =MAX(B93:AF93) -> 0 | AI93: =MIN(B93:AF93) -> 0 | BG93: 56.6 | BH93: 0 | BI93: 210 | BJ93: 28 | BK93: 30 | BL93: 72.8
A94: HTD DIE(14.41) | B94: 0 | C94: 0 | D94: 0 | E94: 0 | F94: 0 | G94: 0 | H94: 0 | I94: 0 | J94: 0 | K94: 0 | L94: 0 | M94: 0 | N94: 0 | O94: 0 | P94: 0 | Q94: 0 | R94: 0 | S94: 0 | T94: 0 | U94: 0 | V94: 0 | W94: 0 | X94: 0 | Y94: 0 | Z94: 0 | AA94: 0 | AB94: 0 | AC94: 0 | AD94: 0 | AE94: 0 | AF94: 0 | AG94: 14.4 | AH94: =MAX(B94:AF94) -> 0 | AI94: =MIN(B94:AF94) -> 0 | BG94: 54.8 | BH94: 0 | BI94: 414 | BJ94: 42 | BK94: 66 | BL94: 79
A95: MRS DI() | B95: 0 | C95: 0 | D95: 0 | E95: 0 | F95: 0 | G95: 0 | H95: 0 | I95: 0 | J95: 0 | K95: 0 | L95: 0 | M95: 0 | N95: 0 | O95: 0 | P95: 0 | Q95: 0 | R95: 0 | S95: 0 | T95: 0 | U95: 0 | V95: 0 | W95: 0 | X95: 0 | Y95: 0 | Z95: 0 | AA95: 0 | AB95: 0 | AC95: 0 | AD95: 0 | AE95: 0 | AF95: 0 | AG95: 2 | AH95: =MAX(B95:AF95) -> 0 | AI95: =MIN(B95:AF95) -> 0 | BG95: 61.7 | BH95: 0 | BI95: 435.6 | BJ95: 49 | BK95: 99 | BL95: 73.6
A96: Total THERMAL | AG96: =SUM(AG93:AG95) -> 55.4 | AH96: =MAX(B96:AF96) -> 0 | AI96: =MIN(B96:AF96) -> 0 | BG96: 67.4 | BH96: 0 | BI96: 416 | BJ96: 48 | BK96: 108 | BL96: 73.7
A97: TOTAL SYSTEM LOAD (ACTUAL) | B97: =B58+B62+B80+B76+B92+B96 -> 1157.29 | C97: =C58+C62+C80+C76+C92+C96 -> 1199.29 | D97: =D58+D62+D80+D76+D92+D96 -> 1160.89 | E97: =E58+E62+E80+E76+E92+E96 -> 1167.69 | F97: =F58+F62+F80+F76+F92+F96 -> 1185.19 | G97: =G58+G62+G80+G76+G92+G96 -> 1224.89 | H97: =H58+H62+H80+H76+H92+H96 -> 1342.59 | I97: =I58+I62+I80+I76+I92+I96 -> 1325.69 | ... AG97: =AG58+AG62+AG80+AG76+AG92+AG96 -> 2231.81 | AH97: =MAX(B97:AF97) -> 1572.71 | AI97: =MIN(B97:AF97) -> 1157.29 | BG97: 29.2 | BH97: 0 | BI97: 452.7 | BJ97: 50.2 | BK97: 102 | BL97: 73.8
A98: Interruption/Tripping | M98: 280 | N98: 280 | O98: 280 | V98: 100 | W98: 250 | X98: 250 | Y98: 250 | Z98: 250 | AA98: 230 | AB98: 230 | AC98: 230 | AD98: 100 | AE98: 0 | AF98: 0 | AH98: =MAX(B98:AF98) -> 280 | AI98: =MIN(B98:AF98) -> 0 | BG98: 73 | BH98: 0 | BI98: 483 | BJ98: 52 | BK98: 106 | BL98: 69
A99: TOTAL SYSTEM LOAD (EXPECTED) | B99: =B97+B98 -> 1157.29 | C99: =C97+C98 -> 1199.29 | D99: =D97+D98 -> 1160.89 | E99: =E97+E98 -> 1167.69 | F99: =F97+F98 -> 1185.19 | G99: =G97+G98 -> 1224.89 | H99: =H97+H98 -> 1342.59 | I99: =I97+I98 -> 1325.69 | ... AF99: =AF97+AF98 -> 1235.09 | AG99: =AG96+AG92+AG80+AG76+AG58+AG98 -> 1693.71 | AH99: =MAX(B99:AF99) -> 1808.99 | AI99: =MIN(B99:AF99) -> 1157.29 | BG99: 52.1 | BH99: 0 | BI99: 499 | BJ99: 37 | BK99: 88 | BL99: 69.4
A100: TOTAL NATIONAL LOAD (ACTUAL) | B100: =B99-(B107) -> 1157.29 | C100: =C99-(C107) -> 1199.29 | D100: =D99-(D107) -> 1160.89 | E100: =E99-(E107) -> 1167.69 | F100: =F99-(F107) -> 1185.19 | G100: =G99-(G107) -> 1224.89 | H100: =H99-(H107) -> 1342.59 | I100: =I99-(I107) -> 1325.69 | ... AF100: =AF99-(AF107) -> 1233.09 | AH100: =MAX(B100:AF100) -> 1808.99 | AI100: =MIN(B100:AF100) -> 1157.29 | BG100: 54.8 | BH100: 0 | BI100: 375 | BJ100: 5 | BK100: 0 | BL100: 48.2
A101: RAMNAGAR | B101: =IF(B84<0,B84*-1,0) -> 0 | C101: =IF(C84<0,C84*-1,0) -> 0 | D101: =IF(D84<0,D84*-1,0) -> 0 | E101: =IF(E84<0,E84*-1,0) -> 0 | F101: =IF(F84<0,F84*-1,0) -> 0 | G101: =IF(G84<0,G84*-1,0) -> 0 | H101: =IF(H84<0,H84*-1,0) -> 0 | I101: =IF(I84<0,I84*-1,0) -> 0 | ... AF101: =IF(AF84<0,AF84*-1,0) -> 0 | AH101: =MAX(B101:AF101) -> 0 | AI101: =MIN(B101:AF101) -> 0 | BG101: 64.4 | BH101: 0 | BI101: 222 | BJ101: 5 | BK101: 32 | BL101: 56
A102: KATAIYA | B102: =IF(B82<0,B82*-1,0) -> 0 | C102: =IF(C82<0,C82*-1,0) -> 0 | D102: =IF(D82<0,D82*-1,0) -> 0 | E102: =IF(E82<0,E82*-1,0) -> 0 | F102: =IF(F82<0,F82*-1,0) -> 0 | G102: =IF(G82<0,G82*-1,0) -> 0 | H102: =IF(H82<0,H82*-1,0) -> 0 | I102: =IF(I82<0,I82*-1,0) -> 0 | ... AF102: =IF(AF82<0,AF82*-1,0) -> 0 | AH102: =MAX(B102:AF102) -> 0 | AI102: =MIN(B102:AF102) -> 0 | BG102: 57 | BH102: 0 | BI102: 83 | BJ102: 5 | BK102: 107 | BL102: 58
A103: RAXAUL | B103: =IF(B85<0,B85*-1,0) -> 0 | C103: =IF(C85<0,C85*-1,0) -> 0 | D103: =IF(D85<0,D85*-1,0) -> 0 | E103: =IF(E85<0,E85*-1,0) -> 0 | F103: =IF(F85<0,F85*-1,0) -> 0 | G103: =IF(G85<0,G85*-1,0) -> 0 | H103: =IF(H85<0,H85*-1,0) -> 0 | I103: =IF(I85<0,I85*-1,0) -> 0 | ... AF103: =IF(AF85<0,AF85*-1,0) -> 0 | AH103: =MAX(B103:AF103) -> 0 | AI103: =MIN(B103:AF103) -> 0 | BG103: 54.8 | BH103: 0 | BI103: 190 | BJ103: 5 | BK103: 112.6 | BL103: 53.1
A104: MUZAFFARPUR | B104: =IF(B83<0,B83*-1,0) -> 0 | C104: =IF(C83<0,C83*-1,0) -> 0 | D104: =IF(D83<0,D83*-1,0) -> 0 | E104: =IF(E83<0,E83*-1,0) -> 0 | F104: =IF(F83<0,F83*-1,0) -> 0 | G104: =IF(G83<0,G83*-1,0) -> 0 | H104: =IF(H83<0,H83*-1,0) -> 0 | I104: =IF(I83<0,I83*-1,0) -> 0 | ... AF104: =IF(AF83<0,AF83*-1,0) -> 0 | AH104: =MAX(B104:AF104) -> 0 | AI104: =MIN(B104:AF104) -> 0 | BG104: 64.1 | BH104: 0 | BI104: 392 | BJ104: 5 | BK104: 121.6 | BL104: 73.8
A105: TANAKPUR | B105: =IF(B81<0,B81*-1,0) -> 0 | C105: =IF(C81<0,C81*-1,0) -> 0 | D105: =IF(D81<0,D81*-1,0) -> 0 | E105: =IF(E81<0,E81*-1,0) -> 0 | F105: =IF(F81<0,F81*-1,0) -> 0 | G105: =IF(G81<0,G81*-1,0) -> 0 | H105: =IF(H81<0,H81*-1,0) -> 0 | I105: =IF(I81<0,I81*-1,0) -> 0 | ... AF105: =IF(AF81<0,AF81*-1,0) -> 0 | AH105: =MAX(B105:AF105) -> 0 | AI105: =MIN(B105:AF105) -> 0 | BG105: 67.4 | BH105: 0 | BI105: 414.2 | BJ105: 50 | BK105: 34.2 | BL105: 70
A106: OTHERS EXPORT | B106: 0 | C106: 0 | D106: 0 | E106: 0 | F106: 0 | G106: 0 | H106: 0 | I106: 0 | J106: 0 | K106: 0 | L106: 0 | M106: 0 | N106: 0 | O106: 0 | P106: 0 | Q106: 0 | R106: 0 | S106: 0 | T106: 1 | U106: 0 | V106: 0 | W106: 0 | X106: 0 | Y106: 0 | Z106: 0 | AA106: 0 | AB106: 0 | AC106: 0 | AD106: 0 | AE106: 1 | AF106: 2 | AH106: =MAX(B106:AF106) -> 2 | AI106: =MIN(B106:AF106) -> 0 | BG106: 61.6 | BH106: 0 | BI106: 388.9 | BJ106: 44.5 | BK106: 25 | BL106: 54.9
A107: Total EXPORT | B107: =SUM(B101:B106) -> 0 | C107: =SUM(C101:C106) -> 0 | D107: =SUM(D101:D106) -> 0 | E107: =SUM(E101:E106) -> 0 | F107: =SUM(F101:F106) -> 0 | G107: =SUM(G101:G106) -> 0 | H107: =SUM(H101:H106) -> 0 | I107: =SUM(I101:I106) -> 0 | ... AF107: =SUM(AF101:AF106) -> 2 | AH107: =MAX(B107:AF107) -> 2 | AI107: =MIN(B107:AF107) -> 0 | BG107: 68 | BH107: 0 | BI107: 413 | BJ107: 53 | BK107: 22 | BL107: 0
A108: NET IMPORT | B108: =B92-B107 -> 556 | C108: =C92-C107 -> 598 | D108: =D92-D107 -> 559.6 | E108: =E92-E107 -> 566.1 | F108: =F92-F107 -> 571.9 | G108: =G92-G107 -> 541.1 | H108: =H92-H107 -> 564.8 | I108: =I92-I107 -> 532.9 | ... AF108: =AF92-AF107 -> 572.9 | AH108: =MAX(B108:AF108) -> 782 | AI108: =MIN(B108:AF108) -> 180.3
A109: HZ | B109: 50.011 | C109: 49.864 | D109: 49.976 | E109: 49.982 | F109: 49.977 | G109: 50.038 | H109: 50.032 | I109: 50.024 | J109: 49.86 | K109: 50.006 | L109: 50.028 | M109: 50.118 | N109: 50.027 | O109: 50.037 | P109: 50.032 | Q109: 50.029 | R109: 50.033 | S109: 50.02 | T109: 49.89 | U109: 49.779 | V109: 50.199 | W109: 50.095 | X109: 49.939 | Y109: 50.035 | Z109: 50.021 | AA109: 50.021 | AB109: 50.07 | AC109: 50.07 | AD109: 50.07 | AE109: 49.99 | AF109: 50.02 | AH109: =MAX(B109:AF109) -> 50.199 | AI109: =MIN(B109:AF109) -> 49.779
A110: HTD 132KV | B110: 127.5 | C110: 125.8 | D110: 128 | E110: 127.2 | F110: 127.1 | G110: 128.9 | H110: 126.6 | I110: 126.3 | J110: 126.2 | K110: 126.9 | L110: 123.4 | M110: 125 | N110: 125.4 | O110: 127.5 | P110: 125.3 | Q110: 125.1 | R110: 125.1 | S110: 123.8 | T110: 124 | U110: 124.2 | V110: 127.7 | W110: 126.8 | X110: 127.4 | Y110: 126.2 | Z110: 128 | AA110: 128 | AB110: 129.9 | AC110: 129.9 | AD110: 126.6 | AE110: 127.4 | AF110: 127.4 | AH110: =MAX(B110:AF110) -> 129.9 | AI110: =MIN(B110:AF110) -> 123.4
A111: SUI 132KV | B111: 131.8 | C111: 130.4 | D111: 132.3 | E111: 131.2 | F111: 131.6 | G111: 132.4 | H111: 130.6 | I111: 129.8 | J111: 128.2 | K111: 128.3 | L111: 125.1 | M111: 126.5 | N111: 127.2 | O111: 129 | P111: 127.5 | Q111: 128 | R111: 127.8 | S111: 127.5 | T111: 127 | U111: 126.9 | V111: 129.9 | W111: 129.2 | X111: 128.8 | Y111: 127.1 | Z111: 129 | AA111: 129 | AB111: 132 | AC111: 132 | AD111: 128.6 | AE111: 130.6 | AF111: 130.6 | AH111: =MAX(B111:AF111) -> 132.4 | AI111: =MIN(B111:AF111) -> 125.1
A112: DUBI 132KV | B112: 129.1 | C112: 129.3 | D112: 132.3 | E112: 128.9 | F112: 128.3 | G112: 129 | H112: 125.6 | I112: 128.7 | J112: 128.7 | K112: 131.5 | L112: 123.3 | M112: 130.9 | N112: 129.2 | O112: 131.4 | P112: 124.1 | Q112: 126 | R112: 124.7 | S112: 124.2 | T112: 128 | U112: 125.3 | V112: 128.5 | W112: 128 | X112: 126.1 | Y112: 130.2 | Z112: 130.4 | AA112: 130.4 | AB112: 130.7 | AC112: 130.7 | AD112: 128.4 | AE112: 128.3 | AF112: 128.3 | AH112: =MAX(B112:AF112) -> 132.3 | AI112: =MIN(B112:AF112) -> 123.3
A113: ANAMANI 132KV | B113: 132.6 | C113: 132.9 | D113: 135 | E113: 133.6 | F113: 133.5 | G113: 133.3 | H113: 129.5 | I113: 130.6 | J113: 130 | K113: 132.4 | L113: 123.8 | M113: 131.3 | N113: 129.6 | O113: 132.1 | P113: 125.7 | Q113: 128.3 | R113: 127 | S113: 127.1 | T113: 130 | U113: 126.8 | V113: 130.1 | W113: 128.9 | X113: 124.9 | Y113: 129.2 | Z113: 131.2 | AA113: 131.2 | AB113: 132.5 | AC113: 132.5 | AD113: 131.9 | AE113: 131.7 | AF113: 131.7 | AH113: =MAX(B113:AF113) -> 135 | AI113: =MIN(B113:AF113) -> 123.8
A114: KG-A 132KV | B114: 131.1 | C114: 130.5 | D114: 131.8 | E114: 131.4 | F114: 132.6 | G114: 133.1 | H114: 135.9 | I114: 135.2 | J114: 135.5 | K114: 132.36 | L114: 132.5 | M114: 133 | N114: 132.6 | O114: 132.4 | P114: 130.6 | Q114: 133.3 | R114: 133 | S114: 132.7 | T114: 131.5 | U114: 132.5 | V114: 135.8 | W114: 135.2 | X114: 135 | Y114: 135.3 | Z114: 134 | AA114: 134 | AB114: 136.4 | AC114: 136.4 | AD114: 133.3 | AE114: 134 | AF114: 134 | AH114: =MAX(B114:AF114) -> 136.4 | AI114: =MIN(B114:AF114) -> 130.5
A115: KOHALPUR 132KV | B115: 131.4 | C115: 129.1 | D115: 129.6 | E115: 129.8 | F115: 132.5 | G115: 128.6 | H115: 132.1 | I115: 129.1 | J115: 126.7 | K115: 128.9 | L115: 131 | M115: 131 | N115: 129.8 | O115: 134.8 | P115: 134 | Q115: 135.4 | R115: 124 | S115: 124.4 | T115: 131 | U115: 135 | V115: 126.9 | W115: 127.5 | X115: 128 | Y115: 128.5 | Z115: 132.4 | AA115: 132.4 | AB115: 128.4 | AC115: 128.4 | AD115: 132.1 | AE115: 125.7 | AF115: 125.7 | AH115: =MAX(B115:AF115) -> 135.4 | AI115: =MIN(B115:AF115) -> 124
A116: SUI 66KV | B116: 66.2 | C116: 66 | D116: 66.7 | E116: 66 | F116: 66.4 | G116: 66.9 | H116: 65.8 | I116: 65.3 | J116: 64.3 | K116: 64.7 | L116: 63.1 | M116: 63.8 | N116: 64.1 | O116: 65 | P116: 64.1 | Q116: 64.5 | R116: 64.5 | S116: 64.2 | T116: 64 | U116: 63.8 | V116: 65.7 | W116: 65.3 | X116: 65.1 | Y116: 63.7 | Z116: 64.7 | AA116: 64.7 | AB116: 66 | AC116: 66 | AD116: 64.2 | AE116: 65.7 | AF116: 65.7 | AH116: =MAX(B116:AF116) -> 66.9 | AI116: =MIN(B116:AF116) -> 63.1
AH117: =MAX(B117:AF117) -> 0 | AI117: =MIN(B117:AF117) -> 0
A118: Kathmandu Load | B118: =SUM(B22,B28,B31:B32,B66,B68:B69,B71,B73,B119:B123,B155,B161,B167,B176,B178,B190,B197,B200:B201,B208,B210,B212,B216:B218,B220:B222,B227,B233:B234,B236:B238,B246,B251) -> 148.24 | C118: =SUM(C22,C28,C31:C32,C66,C68:C69,C71,C73,C119:C123,C155,C161,C167,C176,C178,C190,C197,C200:C201,C208,C210,C212,C216:C218,C220:C222,C227,C233:C234,C236:C238,C246,C251) -> 137.64 | D118: =SUM(D22,D28,D31:D32,D66,D68:D69,D71,D73,D119:D123,D155,D161,D167,D176,D178,D190,D197,D200:D201,D208,D210,D212,D216:D218,D220:D222,D227,D233:D234,D236:D238,D246,D251) -> 156.64 | E118: =SUM(E22,E28,E31:E32,E66,E68:E69,E71,E73,E119:E123,E155,E161,E167,E176,E178,E190,E197,E200:E201,E208,E210,E212,E216:E218,E220:E222,E227,E233:E234,E236:E238,E246,E251) -> 130.048 | F118: =SUM(F22,F28,F31:F32,F66,F68:F69,F71,F73,F119:F123,F155,F161,F167,F176,F178,F190,F197,F200:F201,F208,F210,F212,F216:F218,F220:F222,F227,F233:F234,F236:F238,F246,F251) -> 131.796 | G118: =SUM(G22,G28,G31:G32,G66,G68:G69,G71,G73,G119:G123,G155,G161,G167,G176,G178,G190,G197,G200:G201,G208,G210,G212,G216:G218,G220:G222,G227,G233:G234,G236:G238,G246,G251) -> 168.692 | H118: =SUM(H22,H28,H31:H32,H66,H68:H69,H71,H73,H119:H123,H155,H161,H167,H176,H178,H190,H197,H200:H201,H208,H210,H212,H216:H218,H220:H222,H227,H233:H234,H236:H238,H246,H251) -> 211.712 | I118: =SUM(I22,I28,I31:I32,I66,I68:I69,I71,I73,I119:I123,I155,I161,I167,I176,I178,I190,I197,I200:I201,I208,I210,I212,I216:I218,I220:I222,I227,I233:I234,I236:I238,I246,I251) -> 244.664 | ... O118: =SUM(O22,O28,O31:O32,O66,O68:O69,O71,O73,O119:O123,O155,O161,O167,O176,O178,O190,O197,O200:O201,O208,O210,O212,O216:O218,O220:O222,O227,O233:O234,O236:O238,O246,O251) -> 360.66 | P118: 42 | Q118: =SUM(Q22,Q28,Q31:Q32,Q66,Q68:Q69,Q71,Q73,Q119:Q123,Q155,Q161,Q167,Q176,Q178,Q190,Q197,Q200:Q201,Q208,Q210,Q212,Q216:Q218,Q220:Q222,Q227,Q233:Q234,Q236:Q238,Q246,Q251) -> 322.5 | R118: =SUM(R22,R28,R31:R32,R66,R68:R69,R71,R73,R119:R123,R155,R161,R167,R176,R178,R190,R197,R200:R201,R208,R210,R212,R216:R218,R220:R222,R227,R233:R234,R236:R238,R246,R251) -> 310.96 | S118: =SUM(S22,S28,S31:S32,S66,S68:S69,S71,S73,S119:S123,S155,S161,S167,S176,S178,S190,S197,S200:S201,S208,S210,S212,S216:S218,S220:S222,S227,S233:S234,S236:S238,S246,S251) -> 304.24 | T118: =SUM(T22,T28,T31:T32,T66,T68:T69,T71,T73,T119:T123,T155,T161,T167,T176,T178,T190,T197,T200:T201,T208,T210,T212,T216:T218,T220:T222,T227,T233:T234,T236:T238,T246,T251) -> 264.44 | U118: =SUM(U22,U28,U31:U32,U66,U68:U69,U71,U73,U119:U123,U155,U161,U167,U176,U178,U190,U197,U200:U201,U208,U210,U212,U216:U218,U220:U222,U227,U233:U234,U236:U238,U246,U251) -> 322.94 | V118: =SUM(V22,V28,V31:V32,V66,V68:V69,V71,V73,V119:V123,V155,V161,V167,V176,V178,V190,V197,V200:V201,V208,V210,V212,V216:V218,V220:V222,V227,V233:V234,V236:V238,V246,V251) -> 326.4 | W118: =SUM(W22,W28,W31:W32,W66,W68:W69,W71,W73,W119:W123,W155,W161,W167,W176,W178,W190,W197,W200:W201,W208,W210,W212,W216:W218,W220:W222,W227,W233:W234,W236:W238,W246,W251) -> 339.74 | X118: =SUM(X22,X28,X31:X32,X66,X68:X69,X71,X73,X119:X123,X155,X161,X167,X176,X178,X190,X197,X200:X201,X208,X210,X212,X216:X218,X220:X222,X227,X233:X234,X236:X238,X246,X251) -> 396.1 | Y118: =SUM(Y20,Y26,Y37:Y38,Y66,Y68:Y69,Y71,Y73,Y119:Y123,Y148,Y154,Y160,Y169,Y171,Y183,Y190,Y193:Y194,Y201,Y203,Y205,Y209:Y211,Y213:Y215,Y220,Y226:Y227,Y229:Y231,Y239,Y244) -> 438.96 | Z118: =SUM(Z20,Z26,Z37:Z38,Z66,Z68:Z69,Z71,Z73,Z119:Z123,Z148,Z154,Z160,Z169,Z171,Z183,Z190,Z193:Z194,Z201,Z203,Z205,Z209:Z211,Z213:Z215,Z220,Z226:Z227,Z229:Z231,Z239,Z244) -> 430.2 | AA118: =SUM(AA22,AA28,AA31:AA32,AA66,AA68:AA69,AA71,AA73,AA119:AA123,AA155,AA161,AA167,AA176,AA178,AA190,AA197,AA200:AA201,AA208,AA210,AA212,AA216:AA218,AA220:AA222,AA227,AA233:AA234,AA236:AA238,AA246,AA251) -> 427.04 | AB118: =SUM(AB22,AB28,AB31:AB32,AB66,AB68:AB69,AB71,AB73,AB119:AB123,AB155,AB161,AB167,AB176,AB178,AB190,AB197,AB200:AB201,AB208,AB210,AB212,AB216:AB218,AB220:AB222,AB227,AB233:AB234,AB236:AB238,AB246,AB251) -> 384.88 | AC118: =SUM(AC22,AC28,AC31:AC32,AC66,AC68:AC69,AC71,AC73,AC119:AC123,AC155,AC161,AC167,AC176,AC178,AC190,AC197,AC200:AC201,AC208,AC210,AC212,AC216:AC218,AC220:AC222,AC227,AC233:AC234,AC236:AC238,AC246,AC251) -> 384.88 | AD118: =SUM(AD22,AD28,AD31:AD32,AD66,AD68:AD69,AD71,AD73,AD119:AD123,AD155,AD161,AD167,AD176,AD178,AD190,AD197,AD200:AD201,AD208,AD210,AD212,AD216:AD218,AD220:AD222,AD227,AD233:AD234,AD236:AD238,AD246,AD251) -> 333.12 | AE118: =SUM(AE22,AE28,AE31:AE32,AE66,AE68:AE69,AE71,AE73,AE119:AE123,AE155,AE161,AE167,AE176,AE178,AE190,AE197,AE200:AE201,AE208,AE210,AE212,AE216:AE218,AE220:AE222,AE227,AE233:AE234,AE236:AE238,AE246,AE251) -> 257.94 | AF118: =SUM(AF22,AF28,AF31:AF32,AF66,AF68:AF69,AF71,AF73,AF119:AF123,AF155,AF161,AF167,AF176,AF178,AF190,AF197,AF200:AF201,AF208,AF210,AF212,AF216:AF218,AF220:AF222,AF227,AF233:AF234,AF236:AF238,AF246,AF251) -> 178.74 | AH118: =MAX(B118:AF118) -> 438.96 | AI118: =MIN(B118:AF118) -> 42
A119: MRS-SYU | B119: -3.8 | C119: -10 | D119: -10 | E119: -10.8 | F119: -8.4 | G119: 9.5 | H119: 16.5 | I119: 29.1 | J119: 40.5 | K119: 39.3 | L119: 31.1 | M119: 46.2 | N119: 28.5 | O119: 30.3 | P119: 27.5 | Q119: 26.7 | R119: 27.1 | S119: 25.5 | T119: 25.5 | U119: 23.2 | V119: 29.4 | W119: 28 | X119: 44.2 | Y119: 47 | Z119: 47 | AA119: 47 | AB119: 38.9 | AC119: 38.9 | AD119: 26.7 | AE119: 33.6 | AF119: 13 | AG119: 75 | AH119: =MAX(B119:AF119) -> 47 | AI119: =MIN(B119:AF119) -> -10.8
A120: NMRS-MATA | B120: -6.6 | C120: -16 | D120: -15 | E120: -14.8 | F120: -11.5 | G120: 13 | H120: 20.7 | I120: 39 | J120: 55.6 | K120: 55.3 | L120: 42.1 | M120: 64.9 | N120: 38.8 | O120: 42.9 | P120: 36.4 | Q120: 33.6 | R120: 34.1 | S120: 31.9 | T120: 21.4 | U120: 28 | V120: 41.4 | W120: 39 | X120: 61 | Y120: 63.2 | Z120: 64 | AA120: 64 | AB120: 52.1 | AC120: 52.1 | AD120: 31.5 | AE120: 43 | AF120: 19.1 | AG120: 240 | AH120: =MAX(B120:AF120) -> 64.9 | AI120: =MIN(B120:AF120) -> -16
A121: KL2-MATA | B121: -30 | C121: -32 | D121: -34 | E121: -41.9 | F121: -38 | G121: -32 | H121: -23.2 | I121: -21.8 | J121: 2.9 | K121: 17.5 | L121: 26.6 | M121: 24 | N121: 28 | O121: =16+19 -> 35 | P121: =11+12 -> 23 | Q121: =6+7.1 -> 13.1 | R121: =5+6 -> 11 | S121: 10.6 | T121: 20 | U121: 27 | V121: 28 | W121: 32 | X121: 43 | Y121: 53 | Z121: 50 | AA121: 50 | AB121: 43.1 | AC121: 43.1 | AD121: 35 | AE121: -12 | AF121: -30.8 | AG121: 240 | AH121: =MAX(B121:AF121) -> 53 | AI121: =MIN(B121:AF121) -> -41.9
A122: KL1-SYU | B122: -11 | C122: -14 | D122: -14 | E122: -15.9 | F122: -12.6 | G122: -5.9 | H122: -7.4 | I122: -5.6 | J122: 7.9 | K122: 17.7 | L122: 18.6 | M122: 20 | N122: 17.3 | O122: 20.7 | P122: 8.4 | Q122: 2.4 | R122: 1.9 | S122: 1.9 | T122: 1 | U122: 5 | V122: 16.6 | W122: 18.4 | X122: 24 | Y122: 30 | Z122: 30 | AA122: 30 | AB122: 18.9 | AC122: 18.9 | AD122: 12.2 | AE122: 2.8 | AF122: -3.5 | AG122: 60 | AH122: =MAX(B122:AF122) -> 30 | AI122: =MIN(B122:AF122) -> -15.9
A123: KHIMTI-LAMOSANGHU | B123: 110 | C123: 120 | D123: 140 | E123: =1.64*74.7 -> 122.508 | F123: =1.64*67.9 -> 111.356 | G123: =1.64*56.8 -> 93.152 | H123: =1.64*69.8 -> 114.472 | I123: =1.64*69.1 -> 113.324 | J123: =1.64*81.5 -> 133.66 | K123: =1.64*78.2 -> 128.248 | L123: =1.64*106.7 -> 174.988 | M123: =84*1.64 -> 137.76 | N123: =95*1.641 -> 155.895 | O123: =78*1.64 -> 127.92 | P123: =85*1.64 -> 139.4 | Q123: =84*1.64 -> 137.76 | R123: =78*1.64 -> 127.92 | S123: =79*1.6 -> 126.4 | T123: 96 | U123: =90*1.6 -> 144 | V123: =73.6*1.6 -> 117.76 | W123: =81*1.6 -> 129.6 | X123: =82.1*1.6 -> 131.36 | Y123: 150.56 | Z123: =90*1.6 -> 144 | AA123: =90*1.6 -> 144 | AB123: =87.4*1.6 -> 139.84 | AC123: =87.4*1.6 -> 139.84 | AD123: =84.8*1.6 -> 135.68 | AE123: =59.5*1.6 -> 95.2 | AF123: =53.5*1.6 -> 85.6 | AG123: 120 | AH123: =MAX(B123:AF123) -> 174.988 | AI123: =MIN(B123:AF123) -> 85.6
A124: LAMOSHANGU-BHAKTAPUR | B124: 80 | C124: 77 | D124: 83.7 | E124: 86.8 | F124: 80.8 | G124: 72 | H124: 81.4 | I124: 80.4 | J124: 90.4 | K124: 88.5 | L124: 107.2 | M124: 91.9 | N124: 99.8 | O124: 86.2 | P124: 92 | Q124: 92.4 | R124: 89 | S124: 90 | T124: 94 | U124: 98 | V124: 85 | W124: 91 | X124: 91 | Y124: 100 | Z124: 97 | AA124: 97 | AB124: 94 | AC124: 94 | AD124: 92.3 | AE124: 72.5 | AF124: 67.4 | AH124: =MAX(B124:AF124) -> 107.2 | AI124: =MIN(B124:AF124) -> 67.4
A125: BALAJU-SYUCHATAR | B125: 59 | C125: 73..6 | D125: 75.6 | E125: 25.4 | F125: 70.9 | G125: 39.7 | H125: 30.1 | I125: 12.7 | J125: -17.1 | K125: -30.2 | L125: -11.7 | M125: -38.7 | N125: -5.8 | O125: -21.4 | P125: 0.8 | Q125: 5.9 | R125: 9.6 | S125: 12.4 | T125: 18 | U125: 8 | V125: -19 | W125: -15.3 | X125: -46 | Y125: -42 | Z125: -40 | AA125: -40 | AB125: -28.4 | AC125: -28.4 | AD125: 3 | AE125: 8.7 | AF125: 39.5 | AH125: =MAX(B125:AF125) -> 75.6 | AI125: =MIN(B125:AF125) -> -46
A126: DHALKE-NAWALPUR I | B126: 92 | C126: 99.5 | D126: 98 | E126: 106.8 | F126: 93.6 | G126: 89.3 | H126: 91.4 | I126: 86.2 | J126: 85.8 | K126: 74.9 | L126: 95.3 | M126: 72.6 | N126: 91.4 | O126: 67.4 | P126: 85 | Q126: 85.1 | R126: 81.3 | S126: 89 | T126: 92 | U126: 94 | V126: 75 | W126: 79 | X126: 64 | Y126: 71 | Z126: 64.3 | AA126: 64.3 | AB126: 66.1 | AC126: 66.1 | AD126: 78 | AE126: 82 | AF126: 75.2 | AH126: =MAX(B126:AF126) -> 106.8 | AI126: =MIN(B126:AF126) -> 64
A127: N. BHARATPUR-BARDGHAT | B127: 0 | C127: 0 | D127: 0 | E127: 0 | F127: 0 | G127: 0 | H127: 0 | I127: 0 | J127: 0 | K127: 0 | L127: 0 | M127: 0 | N127: 0 | O127: 0 | P127: 0 | Q127: 0 | R127: 0 | S127: 0 | T127: 0 | U127: 0 | V127: 0 | W127: 0 | X127: 0 | Y127: 0 | Z127: -6 | AA127: -6 | AB127: 0 | AC127: 0 | AD127: 4.3 | AE127: -4.9 | AF127: -1.6 | AH127: =MAX(B127:AF127) -> 4.3 | AI127: =MIN(B127:AF127) -> -6
...

Sheet 2
A1: LOAD DISPATCH CENTRE, NEPAL ELECTRICITY AUTHORITY DAILY SYSTEM OPERATION LOG FOR INPS | AG1: Installed Capacity (MW)
B2: Bhai | D2: Sim | F2: Ktm | H2: Brt | J2: Rainfall | K2: Bhai | L2: Sim | M2: Ktm | N2: Brt | AG2: =AG58 -> 1042.4 | AH2: IPP
V3: * other ipp reduced to 210 due to addition of rudi khola a in log sheet | X3: llkkjmj | AG3: =AG76 -> 489.91 | AH3: NEA RoR
A4: Nepali Date: | B4: ="2080/"&"10/"&INT(MID(CELL("filename",D6),FIND("]",CELL("filename",D6))+1,200)) -> 2080/10/2 | E4: ="2080/"&"10/"&INT(MID(CELL("filename",G6),FIND("]",CELL("filename",G6))+1,200)) -> 2080/10/2 | H4: =TEXT(E4,"dddd") -> Wednesday | K4: ="Total Peak Supply(Inclusive of Export) ("&ROUND(B264,0)&" MW)"&" IPP = "&ROUND(B259,0)&" MW NEA RoR = "&ROUND(B260,0)&" MWImport = "&ROUND(B262,0)&" MW KL1+KL2+K3 = "&ROUND(B261,0) &" MW EXPORT = "&ROUND(B263,0) -> Total Peak Supply(Inclusive of Export) (0 MW) IPP = 0 MW NEA RoR = 0 MWImport = 0 MW KL1+KL2+K3 = 0 MW EXPORT = 0 | AG4: =AG80 -> 106 | AH4: NEA Storage
B5: =C92 -> 590.1 | C5: =D92 -> 546.7 | D5: =E92 -> 547.3 | E5: =F92 -> 566.3 | F5: =G92 -> 624.9 | G5: =H92 -> 609.2 | H5: =I92 -> 635 | I5: =J92 -> 595.3 | ... AE5: =AF92 -> 663.1 | AF5: =B92 -> 555.6
K6: ="Evening Peak "&ROUND(B264,0)&"MW at "&TRUNC(B265*24,0)&":"&ROUND((B265*24-TRUNC(B265*24,0))*60,0)&"hr at "&ROUND(B266,1)&"Hz "&A256&" "&ROUND(B256,0)&"MW at "&TRUNC(C256*24,0)&":"&ROUND((C256*24-TRUNC(C256*24,0))*6,0)&"0hr" -> Evening Peak 0MW at 0:0hr at 0Hz Morning Peak 1796MW at 7:30hr | AG6: =SUM(AG2:AG4) -> 1638.31 | AH6: Total Hydro
A7: ="Base Load="&ROUND(MIN($B$7:$AF$7),0) -> Base Load=1150 | B7: =B100 -> 1190.79 | C7: =C100 -> 1194.69 | D7: =D100 -> 1151.29 | E7: =E100 -> 1149.89 | F7: =F100 -> 1168.69 | G7: =G100 -> 1266.59 | H7: =H100 -> 1340.39 | I7: =I100 -> 1433.79 | ... AF7: =AF100 -> 1268.99
B8: Night Shift(Contd..) | M8: Morning Shift | S8: Day Shift | AB8: Night Shift
A9: Hrs. Source | B9: 0 | C9: 0.041666667 | D9: 0.083333333 | E9: 0.125 | F9: 0.16666667 | G9: 0.20833333 | H9: 0.22916667 | I9: 0.25 | J9: 0.27083333 | K9: 0.29166667 | L9: 0.3125 | M9: 0.33333333 | N9: 0.375 | O9: 0.41666667 | P9: 0.45833333 | Q9: 0.5 | R9: 0.54166667 | S9: 0.58333333 | T9: 0.625 | U9: 0.66666667 | V9: 0.70833333 | W9: 0.72916667 | X9: 0.75 | Y9: 0.77083333 | Z9: 0.79166667 | AA9: 0.8125 | AB9: 0.83333333 | AC9: 0.85416667 | AD9: 0.875 | AE9: 0.91666667 | AF9: 0.95833333 | AG9: Installed Capacity (MW)
A11: Solu Khola Dudhkoshi(86) | B11: 28.3 | C11: 28.3 | D11: 28.3 | E11: 28.3 | F11: 28.3 | G11: 28.3 | H11: 28.3 | I11: 28.3 | J11: 28.3 | K11: 28.3 | L11: 28.3 | M11: 28.3 | N11: 28.3 | O11: 28.3 | P11: 28.3 | Q11: 28.3 | R11: 28.3 | S11: 28.3 | T11: 28.3 | U11: 28.3 | V11: 28.3 | W11: 28.3 | X11: 28 | Y11: 28 | Z11: 28 | AA11: 28 | AB11: 28.4 | AC11: 29.1 | AD11: 29.1 | AE11: 29.1 | AF11: 29.8 | AG11: 86 | AH11: =MAX(B11:AF11) -> 29.8 | AI11: =MIN(B11:AF11) -> 28
A12: Likhu-II(55) | B12: 9.8 | C12: 9.8 | D12: 9.8 | E12: 9.8 | F12: 9.8 | G12: 9.8 | H12: 9.8 | I12: 9.8 | J12: 9.8 | K12: 9.8 | L12: 9.8 | M12: 9.8 | N12: 9.8 | O12: 9.8 | P12: 9.8 | Q12: 9.8 | R12: 9.8 | S12: 9.8 | T12: 9.8 | U12: 9.8 | V12: 9.8 | W12: 9.8 | X12: 9.8 | Y12: 9.8 | Z12: 9.8 | AA12: 9.8 | AB12: 9.8 | AC12: 9.8 | AD12: 9.8 | AE12: 9.8 | AF12: 9.8 | AG12: 54 | AH12: =MAX(B12:AF12) -> 9.8 | AI12: =MIN(B12:AF12) -> 9.8
A13: Super Dordi (54) | B13: 10.3 | C13: 10.3 | D13: 10.3 | E13: 10.3 | F13: 10.3 | G13: 10.3 | H13: 10.3 | I13: 10.3 | J13: 10.3 | K13: 10.3 | L13: 10.3 | M13: 10.3 | N13: 10.3 | O13: 10.3 | P13: 10.3 | Q13: 10.3 | R13: 10.3 | S13: 10.3 | T13: 10.3 | U13: 10.3 | V13: 10.3 | W13: 10.3 | X13: 10.3 | Y13: 10.3 | Z13: 10.3 | AA13: 10.3 | AB13: 10.3 | AC13: 10.3 | AD13: 10.3 | AE13: 10.3 | AF13: 10.3 | AG13: 54 | AH13: =MAX(B13:AF13) -> 10.3 | AI13: =MIN(B13:AF13) -> 10.3
A14: Likhu-IV(52.4) | B14: 15.3 | C14: 15.3 | D14: 15.3 | E14: 15.3 | F14: 15.3 | G14: 15.3 | H14: 15.3 | I14: 15.3 | J14: 15.3 | K14: 15.3 | L14: 15.3 | M14: 15.3 | N14: 15.3 | O14: 15.3 | P14: 15.3 | Q14: 15.3 | R14: 15.3 | S14: 15.3 | T14: 15.3 | U14: 15.3 | V14: 15.3 | W14: 15.3 | X14: 15.3 | Y14: 15.3 | Z14: 15.3 | AA14: 15.3 | AB14: 15.3 | AC14: 15.3 | AD14: 15.3 | AE14: 16.5 | AF14: 16.5 | AG14: 52.4 | AH14: =MAX(B14:AF14) -> 16.5 | AI14: =MIN(B14:AF14) -> 15.3
A15: Upper Marsyangdi "A"(50) | B15: 29.1 | C15: 29.1 | D15: 29.1 | E15: 29.1 | F15: 29.1 | G15: 29.1 | H15: 29.1 | I15: 29.1 | J15: 29.1 | K15: 29.1 | L15: 29.1 | M15: 29.1 | N15: 29.1 | O15: 29.1 | P15: 29.1 | Q15: 29.1 | R15: 29.1 | S15: 29.1 | T15: 29.1 | U15: 29.1 | V15: 29.1 | W15: 29.1 | X15: 29.1 | Y15: 29.1 | Z15: 29.1 | AA15: 29.1 | AB15: 29.1 | AC15: 29.1 | AD15: 29.1 | AE15: 29.1 | AF15: 29.1 | AG15: 50 | AH15: =MAX(B15:AF15) -> 29.1 | AI15: =MIN(B15:AF15) -> 29.1
A16: Upper Bhotekoshi Khola(45) | B16: 16.6 | C16: 16.6 | D16: 16.6 | E16: 16.6 | F16: 16.6 | G16: 16.6 | H16: 16.6 | I16: 16.6 | J16: 16.6 | K16: 16.6 | L16: 16.6 | M16: 16.6 | N16: 16.6 | O16: 16.6 | P16: 16.6 | Q16: 16.6 | R16: 16.6 | S16: 16.6 | T16: 16.6 | U16: 16.6 | V16: 16.6 | W16: 16.6 | X16: 16.6 | Y16: 16.6 | Z16: 16.6 | AA16: 16.6 | AB16: 16.6 | AC16: 16.6 | AD16: 16.6 | AE16: 17.3 | AF16: 17.3 | AG16: 45 | AH16: =MAX(B16:AF16) -> 17.3 | AI16: =MIN(B16:AF16) -> 16.6
A17: Super Madi ( 44 ) | B17: 14 | C17: 14 | D17: 14 | E17: 14 | F17: 14 | G17: 14 | H17: 14 | I17: 14 | J17: 14 | K17: 14 | L17: 14 | M17: 14 | N17: 14 | O17: 14 | P17: 14 | Q17: 14 | R17: 14 | S17: 14 | T17: 14 | U17: 14 | V17: 14 | W17: 14 | X17: 14 | Y17: 14 | Z17: 14 | AA17: 14 | AB17: 14 | AC17: 14 | AD17: 14 | AE17: 14 | AF17: 14 | AG17: 44 | AH17: =MAX(B17:AG17) -> 44 | AI17: =MIN(B17:AG17) -> 14
A18: Mistri Khola(42) | B18: 8 | C18: 8 | D18: 8 | E18: 8 | F18: 8 | G18: 8 | H18: 8 | I18: 8 | J18: 8 | K18: 8 | L18: 8 | M18: 8 | N18: 8 | O18: 8 | P18: 8 | Q18: 8 | R18: 8 | S18: 8 | T18: 8 | U18: 8 | V18: 8 | W18: 8 | X18: 7 | Y18: 7 | Z18: 7 | AA18: 7 | AB18: 7 | AC18: 7 | AD18: 7 | AE18: 7 | AF18: 7 | AG18: 42 | AH18: =MAX(B18:AF18) -> 8 | AI18: =MIN(B18:AF18) -> 7
A19: Upper Chameliya(40) | B19: 12.2 | C19: 12.2 | D19: 12.2 | E19: 12.2 | F19: 12.2 | G19: 12.2 | H19: 12.2 | I19: 12.2 | J19: 12.2 | K19: 12.2 | L19: 12.2 | M19: 12.2 | N19: 12.2 | O19: 12.2 | P19: 12.2 | Q19: 12.2 | R19: 12.2 | S19: 12.2 | T19: 12.2 | U19: 12.2 | V19: 12.2 | W19: 12.2 | X19: 12.2 | Y19: 12.2 | Z19: 12.2 | AA19: 12.2 | AB19: 12.2 | AC19: 12.2 | AD19: 12.2 | AE19: 12.2 | AF19: 12.2 | AG19: 38.46 | AH19: =MAX(B19:AF19) -> 12.2 | AI19: =MIN(B19:AF19) -> 12.2
A20: Upper Kalanga Gad(38.46) | B20: 7.8 | C20: 7.8 | D20: 7.8 | E20: 7.8 | F20: 7.8 | G20: 7.8 | H20: 7.8 | I20: 7.8 | J20: 7.8 | K20: 7.8 | L20: 7.8 | M20: 7.8 | N20: 7.8 | O20: 7.8 | P20: 7.8 | Q20: 7.8 | R20: 7.8 | S20: 7.8 | T20: 7.8 | U20: 7.8 | V20: 7.8 | W20: 7.8 | X20: 7.8 | Y20: 7.8 | Z20: 7.8 | AA20: 7.8 | AB20: 7.8 | AC20: 7.8 | AD20: 7.8 | AE20: 7.8 | AF20: 7.8 | AG20: 38.46 | AH20: =MAX(B20:AF20) -> 7.8 | AI20: =MIN(B20:AF20) -> 7.8
A21: Upper Balefi (36) | B21: 13 | C21: 13 | D21: 13 | E21: 13 | F21: 13 | G21: 13 | H21: 13 | I21: 13 | J21: 13 | K21: 13 | L21: 13 | M21: 13 | N21: 13 | O21: 13 | P21: 13 | Q21: 13 | R21: 13 | S21: 13 | T21: 13 | U21: 13 | V21: 13 | W21: 13 | X21: 13 | Y21: 13 | Z21: 13 | AA21: 13 | AB21: 13 | AC21: 13 | AD21: 13 | AE21: 13 | AF21: 13 | AG21: 36 | AH21: =MAX(B21:AF21) -> 13 | AI21: =MIN(B21:AF21) -> 13
A22: Nyadi(30) | B22: 8.8 | C22: 8.8 | D22: 8.8 | E22: 8.8 | F22: 8.8 | G22: 8.8 | H22: 8.8 | I22: 8.8 | J22: 8.8 | K22: 8.8 | L22: 8.8 | M22: 8.8 | N22: 8.8 | O22: 8.8 | P22: 8.8 | Q22: 8.8 | R22: 8.8 | S22: 8.8 | T22: 8.8 | U22: 8.8 | V22: 8.8 | W22: 8.8 | X22: 7.8 | Y22: 7.8 | Z22: 7.8 | AA22: 7.8 | AB22: 7.8 | AC22: 7.8 | AD22: 7.8 | AE22: 7.8 | AF22: 7.8 | AG22: 30 | AH22: =MAX(B22:AF22) -> 8.8 | AI22: =MIN(B22:AF22) -> 7.8
A23: Likhu Khola A(29.04) | B23: 9 | C23: 9 | D23: 9 | E23: 9 | F23: 9 | G23: 9 | H23: 9 | I23: 9 | J23: 9 | K23: 9 | L23: 9 | M23: 9 | N23: 9 | O23: 9 | P23: 9 | Q23: 9 | R23: 9 | S23: 9 | T23: 9 | U23: 9 | V23: 9 | W23: 9 | X23: 9 | Y23: 9 | Z23: 9 | AA23: 9 | AB23: 9 | AC23: 9 | AD23: 9 | AE23: 9 | AF23: 9 | AG23: 24.2 | AH23: =MAX(B23:AF23) -> 9 | AI23: =MIN(B23:AF23) -> 9
A24: Lower Likhu(28) | B24: 7.2 | C24: 7.2 | D24: 7.2 | E24: 7.2 | F24: 7.2 | G24: 7.2 | H24: 7.2 | I24: 7.2 | J24: 7.2 | K24: 7.2 | L24: 7.2 | M24: 7.2 | N24: 7.2 | O24: 7.2 | P24: 7.2 | Q24: 7.2 | R24: 7.2 | S24: 7.2 | T24: 7.2 | U24: 7.2 | V24: 7.2 | W24: 7.2 | X24: 7.2 | Y24: 7.2 | Z24: 7.2 | AA24: 7.2 | AB24: 7.2 | AC24: 7.2 | AD24: 7.2 | AE24: 8.7 | AF24: 8.7 | AG24: 28 | AH24: =MAX(B24:AF24) -> 8.7 | AI24: =MIN(B24:AF24) -> 7.2
A25: Dordi(27) | B25: 6.7 | C25: 6.7 | D25: 6.7 | E25: 6.7 | F25: 6.7 | G25: 6.7 | H25: 6.7 | I25: 6.7 | J25: 6.7 | K25: 6.7 | L25: 6.7 | M25: 6.7 | N25: 6.7 | O25: 6.7 | P25: 6.7 | Q25: 6.7 | R25: 6.7 | S25: 6.7 | T25: 6.7 | U25: 6.7 | V25: 6.7 | W25: 6.7 | X25: 7 | Y25: 7 | Z25: 7 | AA25: 7 | AB25: 7 | AC25: 7 | AD25: 7 | AE25: 6.4 | AF25: 6.4 | AG25: 30 | AH25: =MAX(B25:AF25) -> 7 | AI25: =MIN(B25:AF25) -> 6.4
A26: Upper Madi(25) | B26: 8.2 | C26: 8.2 | D26: 8.2 | E26: 8.2 | F26: 8.2 | G26: 8.2 | H26: 8.2 | I26: 8.2 | J26: 8.2 | K26: 8.2 | L26: 8.2 | M26: 8.2 | N26: 8.2 | O26: 8.2 | P26: 8.2 | Q26: 8.2 | R26: 8.2 | S26: 8.2 | T26: 8.2 | U26: 8.2 | V26: 8.2 | W26: 8.2 | X26: 8.5 | Y26: 8.5 | Z26: 8.5 | AA26: 8.5 | AB26: 8.5 | AC26: 8.5 | AD26: 8.5 | AE26: 6.5 | AF26: 6.5 | AG26: 25 | AH26: =MAX(B26:AF26) -> 8.5 | AI26: =MIN(B26:AF26) -> 6.5
A27: Kabeli B-1(25) | B27: 5 | C27: 5 | D27: 5 | E27: 5 | F27: 5 | G27: 5 | H27: 5 | I27: 5 | J27: 5 | K27: 5 | L27: 5 | M27: 5 | N27: 5 | O27: 5 | P27: 5 | Q27: 5 | R27: 5 | S27: 5 | T27: 5 | U27: 5 | V27: 5 | W27: 5 | X27: 5 | Y27: 5 | Z27: 5 | AA27: 5 | AB27: 5 | AC27: 5 | AD27: 5 | AE27: 5 | AF27: 5 | AG27: 25 | AH27: =MAX(B27:AF27) -> 5 | AI27: =MIN(B27:AF27) -> 5
A28: Singati Khola(25) | B28: 6 | C28: 6 | D28: 6 | E28: 6 | F28: 6 | G28: 6 | H28: 6 | I28: 6 | J28: 6 | K28: 6 | L28: 6 | M28: 6 | N28: 6 | O28: 6 | P28: 6 | Q28: 6 | R28: 6 | S28: 6 | T28: 6 | U28: 6 | V28: 6 | W28: 6 | X28: 6 | Y28: 6 | Z28: 6 | AA28: 6 | AB28: 6 | AC28: 6 | AD28: 6 | AE28: 6 | AF28: 6 | AG28: 25 | AH28: =MAX(B28:AF28) -> 6 | AI28: =MIN(B28:AF28) -> 6
A29: Upper Dordi (25) | B29: 7.4 | C29: 7.4 | D29: 7.4 | E29: 7.4 | F29: 7.4 | G29: 7.4 | H29: 7.4 | I29: 7.4 | J29: 7.4 | K29: 7.4 | L29: 7.4 | M29: 7.4 | N29: 7.4 | O29: 7.4 | P29: 7.4 | Q29: 7.4 | R29: 7.4 | S29: 7.4 | T29: 7.4 | U29: 7.4 | V29: 7.4 | W29: 7.4 | X29: 7.4 | Y29: 7.4 | Z29: 7.4 | AA29: 7.4 | AB29: 7.4 | AC29: 7.4 | AD29: 7.4 | AE29: 7.2 | AF29: 7.2 | AG29: 25 | AH29: =MAX(B29:AF29) -> 7.4 | AI29: =MIN(B29:AF29) -> 7.2
... A56: Other IPP Total | B56: 150 | C56: 150 | D56: 150 | E56: 150 | F56: 150 | G56: 150 | H56: 150 | I56: 150 | J56: 150 | K56: 150 | L56: 150 | M56: 150 | N56: 150 | O56: 150 | P56: 150 | Q56: 150 | R56: 150 | S56: 150 | T56: 150 | U56: 150 | V56: 150 | W56: 150 | X56: 150 | Y56: 150 | Z56: 150 | AA56: 150 | AB56: 150 | AC56: 150 | AD56: 150 | AE56: 150 | AF56: 150 | AG56: 85 | AH56: =MAX(B56:AF56) -> 150 | AI56: =MIN(B56:AF56) -> 150
A57: Kabeli Corridor | B57: 15 | C57: 15 | D57: 15 | E57: =16.6+7.2 -> 23.8 | F57: =16.7+7 -> 23.7 | G57: =6.2+14.8 -> 21 | H57: =6.2+14.8 -> 21 | I57: =6.2+14.8 -> 21 | J57: =6.2+14.8 -> 21 | K57: =6.2+14.8 -> 21 | L57: =6.2+14.8 -> 21 | M57: =6.2+14.8 -> 21 | N57: =6.2+14.8 -> 21 | ... S57: =6.2+14.8 -> 21 | T57: 23.6 | U57: 23.6 | V57: 23 | W57: 21 | X57: 18.7 | Y57: 18.7 | Z57: 17 | AA57: 13.7 | AB57: =14.9+6.9 -> 21.8 | AC57: =14.9+6 -> 20.9 | AD57: =14.9+6.2 -> 21.1 | AE57: =6.6+15.4 -> 22 | AF57: =6.8+15.7 -> 22.5 | AG57: 240 | AH57: =MAX(B57:AF57) -> 23.8 | AI57: =MIN(B57:AF57) -> 13.7
A58: Total IPP | B58: =SUM(B11:B56) -> 481.65 | C58: =SUM(C11:C56) -> 481.65 | D58: =SUM(D11:D56) -> 481.65 | E58: =SUM(E11:E56) -> 481.65 | F58: =SUM(F11:F56) -> 481.65 | G58: =SUM(G11:G56) -> 481.65 | H58: =SUM(H11:H56) -> 481.65 | I58: =SUM(I11:I56) -> 481.65 | ... AF58: =SUM(AF11:AF56) -> 486.85 | AG58: =SUM(AG14:AG56) -> 1042.4 | AH58: =MAX(B58:AF58) -> 486.85 | AI58: =MIN(B58:AF58) -> 479.95
A59: Upper Tamakoshi(456) | B59: 0 | C59: 0 | D59: 0 | E59: 0 | F59: 0 | G59: 0 | H59: 15 | I59: 40 | J59: 150 | K59: 250 | L59: 210 | M59: 230 | N59: 140 | O59: 70 | P59: 76 | Q59: 76 | R59: 76 | S59: 36 | T59: 30 | U59: 30 | V59: 15 | W59: 60 | X59: 100 | Y59: 150 | Z59: 150 | AA59: 160 | AB59: 150 | AC59: 105 | AD59: 70 | AE59: 30 | AF59: 0 | AG59: 456 | AH59: =MAX(B59:AF59) -> 250 | AI59: =MIN(B59:AF59) -> 0
A60: Khimti Khola(60) | B60: 30 | C60: 30 | D60: 30 | E60: 30 | F60: 30 | G60: 30 | H60: 30 | I60: 30 | J60: 30 | K60: 30 | L60: 30 | M60: 30 | N60: 30 | O60: 30 | P60: 30 | Q60: 30 | R60: 30 | S60: 30 | T60: 30 | U60: 30 | V60: 30 | W60: 30 | X60: 30 | Y60: 30 | Z60: 30 | AA60: 30 | AB60: 30 | AC60: 30 | AD60: 30 | AE60: 30 | AF60: 30 | AG60: 60 | AH60: =MAX(B60:AF60) -> 30 | AI60: =MIN(B60:AF60) -> 30
A61: Chilime(22.1) | B61: 10.2 | C61: 10.2 | D61: 10.2 | E61: 10.2 | F61: 10.2 | G61: 10.2 | H61: 10.2 | I61: 10.2 | J61: 10.2 | K61: 10.2 | L61: 10.2 | M61: 10.2 | N61: 10.2 | O61: 10.2 | P61: 10.2 | Q61: 10.2 | R61: 10.2 | S61: 10.2 | T61: 10.2 | U61: 10.2 | V61: 10.2 | W61: 10.2 | X61: 10.2 | Y61: 10.2 | Z61: 10.2 | AA61: 10.2 | AB61: 10.2 | AC61: 10.2 | AD61: 10.2 | AE61: 10.2 | AF61: 10.2 | AG61: 22.1 | AH61: =MAX(B61:AF61) -> 10.2 | AI61: =MIN(B61:AF61) -> 10.2
A62: Total NEA SUBSIDIARIES | B62: =SUM(B59:B61) -> 40.2 | C62: =SUM(C59:C61) -> 40.2 | D62: =SUM(D59:D61) -> 40.2 | E62: =SUM(E59:E61) -> 40.2 | F62: =SUM(F59:F61) -> 40.2 | G62: =SUM(G59:G61) -> 40.2 | H62: =SUM(H59:H61) -> 55.2 | I62: =SUM(I59:I61) -> 80.2 | ... AG62: =SUM(AG59:AG61) -> 538.1 | AH62: =MAX(B62:AF62) -> 290.2 | AI62: =MIN(B62:AF62) -> 40.2
A63: KGA(144) | B63: 30.6 | C63: 0 | D63: 0 | E63: 0 | F63: 0 | G63: 30.6 | H63: 70 | I63: 70.7 | J63: 100 | K63: 112 | L63: 111.9 | M63: 111.4 | N63: 81.5 | O63: 80.8 | P63: 97.6 | Q63: 97 | R63: 97 | S63: 97.7 | T63: 86.2 | U63: 86.2 | V63: 60.8 | W63: 60.8 | X63: 60.8 | Y63: 60.8 | Z63: 71 | AA63: 61 | AB63: 60.7 | AC63: 60.5 | AD63: 30.5 | AE63: 0 | AF63: 0 | AG63: 144 | AH63: =MAX(B63:AF63) -> 112 | AI63: =MIN(B63:AF63) -> 0
A64: Middle MRS(70) | B64: 0 | C64: 0 | D64: 0 | E64: 0 | F64: 0 | G64: 0 | H64: 0 | I64: 32 | J64: 60 | K64: 60 | L64: 60 | M64: 60 | N64: 60 | O64: 35 | P64: 35 | Q64: 35 | R64: 35 | S64: 35 | T64: 35 | U64: 35 | V64: 25 | W64: 25 | X64: 50 | Y64: 65 | Z64: 65 | AA64: 35 | AB64: 25 | AC64: 25 | AD64: 25 | AE64: 0 | AF64: 0 | AG64: 70 | AH64: =MAX(B64:AF64) -> 65 | AI64: =MIN(B64:AF64) -> 0
A65: MRS(69) | B65: 0 | C65: 0 | D65: 0 | E65: 0 | F65: 0 | G65: 0 | H65: 35.6 | I65: 45.5 | J65: 68 | K65: 52.6 | L65: 60.5 | M65: 61.2 | N65: 61.2 | O65: 57.5 | P65: 44.4 | Q65: 20.7 | R65: 21.9 | S65: 22 | T65: 22 | U65: 22 | V65: 16.6 | W65: 16.6 | X65: 49.5 | Y65: 67.2 | Z65: 57 | AA65: 44 | AB65: 33 | AC65: 33 | AD65: 32.4 | AE65: 32.4 | AF65: 0 | AG65: 69 | AH65: =MAX(B65:AF65) -> 68 | AI65: =MIN(B65:AF65) -> 0
A66: U Trisuli 3A(60) | B66: 41.3 | C66: 41.3 | D66: 41.3 | E66: 39.3 | F66: 39.1 | G66: 37.8 | H66: 37.3 | I66: 37.3 | J66: 37.3 | K66: 37 | L66: 39.1 | M66: 39.1 | N66: 39.1 | O66: 39.8 | P66: 38.3 | Q66: 38.3 | R66: 38.3 | S66: 38.3 | T66: 38.3 | U66: 38.3 | V66: 38.3 | W66: 38.3 | X66: 38.3 | Y66: 38.3 | Z66: 38.3 | AA66: 38.3 | AB66: 38.3 | AC66: 37 | AD66: 37.3 | AE66: 39.1 | AF66: 39.1 | AG66: 60 | AH66: =MAX(B66:AF66) -> 41.3 | AI66: =MIN(B66:AF66) -> 37
A67: CHM(30) | B67: 0 | C67: 0 | D67: 0 | E67: 0 | F67: 0 | G67: 10 | H67: 10 | I67: 10 | J67: 15 | K67: 15 | L67: 15 | M67: 23 | N67: 23 | O67: 0 | P67: 0 | Q67: 0 | R67: 10 | S67: 10 | T67: 10 | U67: 10 | V67: 0 | W67: 0 | X67: 10 | Y67: 23 | Z67: 28 | AA67: 28 | AB67: 27.5 | AC67: 15 | AD67: 10 | AE67: 10 | AF67: 0 | AG67: 30 | AH67: =MAX(B67:AF67) -> 28 | AI67: =MIN(B67:AF67) -> 0
A68: NEA SOLAR(25) | B68: 0 | C68: 0 | D68: 0 | E68: 0 | F68: 0 | G68: 0 | H68: 0 | I68: 0 | J68: 0 | K68: 0 | L68: 0.6 | M68: 1.3 | N68: 1.3 | O68: 5.7 | P68: 5.3 | Q68: 5.3 | R68: 5.3 | S68: 3 | T68: 5.5 | U68: 2 | V68: 0.6 | W68: 0.2 | X68: 0 | Y68: 0 | Z68: 0 | AA68: 0 | AB68: 0 | AC68: 0 | AD68: 0 | AE68: 0 | AF68: 0 | AG68: 25 | AH68: =MAX(B68:AF68) -> 5.7 | AI68: =MIN(B68:AF68) -> 0
A69: TRI(24) | B69: 15 | C69: 15 | D69: 15 | E69: 15 | F69: 15 | G69: 15 | H69: 15 | I69: 15 | J69: 15 | K69: 15 | L69: 15 | M69: 15 | N69: 15 | O69: 15 | P69: 15 | Q69: 15 | R69: 15 | S69: 15 | T69: 15 | U69: 15 | V69: 15 | W69: 15 | X69: 15 | Y69: 15 | Z69: 15 | AA69: 15 | AB69: 15 | AC69: 15 | AD69: 15 | AE69: 15 | AF69: 15 | AG69: 24 | AH69: =MAX(B69:AF69) -> 15 | AI69: =MIN(B69:AF69) -> 15
A70: GDK(15) | B70: 4 | C70: 4 | D70: 4 | E70: 4 | F70: 4 | G70: 4 | H70: 4 | I70: 4 | J70: 4 | K70: 4 | L70: 4 | M70: 4 | N70: 4 | O70: 4 | P70: 4 | Q70: 4 | R70: 4 | S70: 4 | T70: 4 | U70: 4 | V70: 4 | W70: 4 | X70: 4 | Y70: 4 | Z70: 4 | AA70: 4 | AB70: 4 | AC70: 4 | AD70: 4 | AE70: 4 | AF70: 4 | AG70: 15 | AH70: =MAX(B70:AF70) -> 4 | AI70: =MIN(B70:AF70) -> 4
A71: DEVI(14.1) | B71: 10.8 | C71: 10.8 | D71: 10.8 | E71: 10.8 | F71: 10.8 | G71: 10.8 | H71: 10.8 | I71: 10.8 | J71: 10.8 | K71: 10.8 | L71: 10.8 | M71: 8.9 | N71: 8.9 | O71: 8.9 | P71: 8.9 | Q71: 8.9 | R71: 8.9 | S71: 8.9 | T71: 8.9 | U71: 8.9 | V71: 8.9 | W71: 8.9 | X71: 8.9 | Y71: 8.9 | Z71: 8.9 | AA71: 8.9 | AB71: 8.9 | AC71: 8.9 | AD71: 8.9 | AE71: 9.3 | AF71: 9.3 | AG71: 14.1 | AH71: =MAX(B71:AF71) -> 10.8 | AI71: =MIN(B71:AF71) -> 8.9
A72: MODI(14) | B72: 3.6 | C72: 3.6 | D72: 3.6 | E72: 3.6 | F72: 3.6 | G72: 3.6 | H72: 3.6 | I72: 3.6 | J72: 3.6 | K72: 3.6 | L72: 3.6 | M72: 3.3 | N72: 3.3 | O72: 3.3 | P72: 3.3 | Q72: 3.3 | R72: 3.3 | S72: 3.3 | T72: 3.3 | U72: 3.3 | V72: 3.3 | W72: 3.3 | X72: 3.3 | Y72: 3.3 | Z72: 3.3 | AA72: 3.3 | AB72: 3.3 | AC72: 3.3 | AD72: 3.3 | AE72: 3.4 | AF72: 3.4 | AG72: 14 | AH72: =MAX(B72:AF72) -> 3.6 | AI72: =MIN(B72:AF72) -> 3.3
A73: SUN(10.05) | B73: 2.5 | C73: 2.5 | D73: 2.5 | E73: 2.5 | F73: 2.5 | G73: 2.5 | H73: 2.5 | I73: 2.5 | J73: 2.5 | K73: 2.5 | L73: 2.5 | M73: 2.5 | N73: 2.5 | O73: 2.5 | P73: 2.5 | Q73: 2.5 | R73: 2.5 | S73: 2.5 | T73: 2.5 | U73: 2.5 | V73: 2.5 | W73: 2.5 | X73: 2.5 | Y73: 2.5 | Z73: 2.5 | AA73: 2.5 | AB73: 2.5 | AC73: 2.5 | AD73: 2.5 | AE73: 2.5 | AF73: 2.5 | AG73: 10.05 | AH73: =MAX(B73:AF73) -> 2.5 | AI73: =MIN(B73:AF73) -> 2.5
A74: PUWA(6.2) | B74: 2 | C74: 2 | D74: 2 | E74: 2 | F74: 2 | G74: 2 | H74: 2 | I74: 2 | J74: 2 | K74: 2 | L74: 2 | M74: 2 | N74: 2 | O74: 2 | P74: 2 | Q74: 2 | R74: 2 | S74: 2 | T74: 2 | U74: 2 | V74: 2 | W74: 2 | X74: 2 | Y74: 2 | Z74: 2 | AA74: 2 | AB74: 2 | AC74: 2 | AD74: 2 | AE74: 2 | AF74: 2 | AG74: 6.2 | AH74: =MAX(B74:AF74) -> 2 | AI74: =MIN(B74:AF74) -> 2
A75: Other NEA Small | B75: 3.54 | C75: 3.54 | D75: 3.54 | E75: 3.54 | F75: 3.54 | G75: 3.54 | H75: 3.54 | I75: 3.54 | J75: 3.54 | K75: 3.54 | L75: 3.54 | M75: 3.54 | N75: 3.54 | O75: 3.54 | P75: 3.54 | Q75: 3.54 | R75: 3.54 | S75: 3.54 | T75: 3.54 | U75: 3.54 | V75: 3.54 | W75: 3.54 | X75: 3.54 | Y75: 3.54 | Z75: 5.5 | AA75: 3.54 | AB75: 3.54 | AC75: 3.54 | AD75: 3.54 | AE75: 3.54 | AF75: 3.54 | AG75: =AG252 -> 8.56 | AH75: =MAX(B75:AF75) -> 5.5 | AI75: =MIN(B75:AF75) -> 3.54
A76: Total ROR | B76: =SUM(B63:B75) -> 113.34 | C76: =SUM(C63:C75) -> 82.74 | D76: =SUM(D63:D75) -> 82.74 | E76: =SUM(E63:E75) -> 80.74 | F76: =SUM(F63:F75) -> 80.54 | G76: =SUM(G63:G75) -> 119.84 | H76: =SUM(H63:H75) -> 194.34 | I76: =SUM(I63:I75) -> 236.94 | ... AG76: =SUM(AG63:AG75) -> 489.91 | AH76: =MAX(B76:AF76) -> 335.24 | AI76: =MIN(B76:AF76) -> 78.84
A77: KL1(60) | U77: 20 | V77: 11.4 | W77: 11.4 | X77: 11.4 | Y77: 10.9 | Z77: 10.9 | AA77: 0 | AG77: 60 | AH77: =MAX(B77:AF77) -> 20 | AI77: =MIN(B77:AF77) -> 0
A78: KL2(32) | U78: 10 | V78: 4.4 | W78: 4.4 | X78: 4.4 | Y78: 3.3 | Z78: 3.3 | AA78: 0 | AG78: 32 | AH78: =MAX(B78:AF78) -> 10 | AI78: =MIN(B78:AF78) -> 0
A79: KL3(14) | U79: 3 | V79: 1.6 | W79: 1.6 | X79: 1.6 | Y79: 1.2 | Z79: 1.2 | AA79: 0 | AG79: 14 | AH79: =MAX(B79:AF79) -> 3 | AI79: =MIN(B79:AF79) -> 0
A80: Total STORGE | B80: =B77+B78+B79 -> 0 | C80: =C77+C78+C79 -> 0 | D80: =D77+D78+D79 -> 0 | E80: =E77+E78+E79 -> 0 | F80: =F77+F78+F79 -> 0 | G80: =G77+G78+G79 -> 0 | H80: =H77+H78+H79 -> 0 | I80: =I77+I78+I79 -> 0 | ... T80: =T77+T78+T79 -> 0 | U80: 0 | V80: =V77+V78+V79 -> 17.4 | W80: =W77+W78+W79 -> 17.4 | X80: =X77+X78+X79 -> 17.4 | Y80: =Y77+Y78+Y79 -> 15.4 | Z80: =Z77+Z78+Z79 -> 15.4 | AA80: =AA77+AA78+AA79 -> 0 | AB80: =AB77+AB78+AB79 -> 0 | AC80: =AC77+AC78+AC79 -> 0 | ... AF80: =AF77+AF78+AF79 -> 0 | AG80: =SUM(AG77:AG79) -> 106 | AH80: =MAX(B80:AF80) -> 17.4 | AI80: =MIN(B80:AF80) -> 0
A81: TANAKPUR | B81: 64.5 | C81: 71.3 | D81: 69 | E81: 70.7 | F81: 69.3 | G81: 72.7 | H81: 64 | I81: 71.1 | J81: 66.3 | K81: 62.6 | L81: 64.8 | M81: 47.6 | N81: 50.6 | O81: 61.9 | P81: 61.5 | Q81: 71 | R81: 71.6 | S81: 68.5 | T81: 68.7 | U81: 62 | V81: 54.7 | W81: 63.6 | X81: 60.3 | Y81: 66 | Z81: 72.8 | AA81: 60.4 | AB81: 55.7 | AC81: 64 | AD81: 62 | AE81: 64.3 | AF81: 69.2 | AH81: =MAX(B81:AF81) -> 72.8 | AI81: =MIN(B81:AF81) -> 47.6
A82: KATAIYA | M82: 0 | N82: 0 | O82: 0 | P82: 0 | Q82: 0 | R82: 0 | S82: 0 | T82: 0 | U82: 0 | V82: 0 | W82: 0 | X82: 0 | Y82: 0 | Z82: 0 | AA82: 0 | AE82: 0 | AF82: 0 | AH82: =MAX(B82:AF82) -> 0 | AI82: =MIN(B82:AF82) -> 0
A83: MUJAFFARPUR | B83: 426.2 | C83: 442.8 | D83: 404.3 | E83: 405.6 | F83: 419.6 | G83: 429.2 | H83: 440.2 | I83: 455.5 | J83: 361 | K83: 243.1 | L83: 262 | M83: 200 | N83: 287.8 | O83: 362 | P83: 333 | Q83: 413 | R83: 407 | S83: 420 | T83: 486 | U83: 430 | V83: 381 | W83: 386 | X83: 369 | Y83: 388 | Z83: 335 | AA83: 372 | AB83: 361.6 | AC83: 378.2 | AD83: 398.7 | AE83: 392.8 | AF83: 407.4 | AH83: =MAX(B83:AF83) -> 486 | AI83: =MIN(B83:AF83) -> 200
A84: RAMNAGAR | B84: 41.7 | C84: 52 | D84: 49.4 | E84: 52 | F84: 57 | G84: 5 | H84: 5 | I84: 5 | J84: 5 | K84: 5 | L84: 5 | M84: 5 | N84: 29.6 | O84: 28.6 | P84: 35 | Q84: 57 | R84: 60 | S84: 62 | T84: 60 | U84: 53 | V84: 30 | W84: 30 | X84: 35 | Y84: 35 | Z84: 30 | AA84: 25 | AB84: 26.8 | AC84: 25.9 | AD84: 25 | AE84: 21.5 | AF84: 20.3 | AH84: =MAX(B84:AF84) -> 62 | AI84: =MIN(B84:AF84) -> 5
A85: RAXAUL 132 | B85: 23.2 | C85: 24 | D85: 24 | E85: 19 | F85: 20.4 | G85: 118 | H85: 100 | I85: 103.4 | J85: 83 | K85: 97.6 | L85: 39 | M85: 40 | N85: 38 | O85: 16.3 | P85: 16 | Q85: 110 | R85: 109 | S85: 94 | T85: 126 | U85: 110 | V85: 60 | W85: 56 | X85: 74 | Y85: 74 | Z85: 44 | AA85: 42 | AB85: 42 | AC85: 41.6 | AD85: 42.6 | AE85: =69*2 -> 138 | AF85: 100.5 | AH85: =MAX(B85:AF85) -> 138 | AI85: =MIN(B85:AF85) -> 16
A86: NANPARA(33kV) | Q86: 0 | R86: 0 | AH86: =MAX(B86:AF86) -> 0 | AI86: =MIN(B86:AF86) -> 0
A87: BISHANPUR(33kV) | Q87: 0 | R87: 0 | AH87: =MAX(B87:AF87) -> 0 | AI87: =MIN(B87:AF87) -> 0 | AL87: UTK Discharge Test
A88: JALESHWOR(33kV) | Q88: 0 | R88: 0 | AH88: =MAX(B88:AF88) -> 0 | AI88: =MIN(B88:AF88) -> 0
A89: RAJBIRAJ(33kV) | Q89: 0 | R89: 0 | AH89: =MAX(B89:AF89) -> 0 | AI89: =MIN(B89:AF89) -> 0 | AK89: Line1
A90: RAXAUL(33kV) | Q90: 0 | R90: 0 | AH90: =MAX(B90:AF90) -> 0 | AI90: =MIN(B90:AF90) -> 0 | AK90: Line 2
A91: SAMPATIYA 132 kV | B91: 0 | C91: 0 | D91: 0 | F91: 0 | G91: 0 | J91: 80 | K91: 71.7 | L91: 64.6 | M91: 57.9 | N91: 70.9 | O91: 72.1 | P91: 74 | Q91: 73.8 | R91: 73.8 | S91: 78 | T91: 72.8 | U91: 65 | V91: 47 | W91: 49 | X91: 49.2 | Y91: 55.1 | Z91: 56 | AA91: 53 | AB91: 53.2 | AC91: 54.1 | AD91: 60 | AE91: 61.5 | AF91: 65.7 | AH91: =MAX(B91:AF91) -> 80 | AI91: =MIN(B91:AF91) -> 0
A92: Total IMPORT | B92: =SUMIF(B81:B91,">0") -> 555.6 | C92: =SUMIF(C81:C91,">0") -> 590.1 | D92: =SUMIF(D81:D91,">0") -> 546.7 | E92: =SUMIF(E81:E91,">0") -> 547.3 | F92: =SUMIF(F81:F91,">0") -> 566.3 | G92: =SUMIF(G81:G91,">0") -> 624.9 | H92: =SUMIF(H81:H91,">0") -> 609.2 | I92: =SUMIF(I81:I91,">0") -> 635 | ... AF92: =SUMIF(AF81:AF91,">0") -> 663.1 | AG92: =SUM(AG81:AG91) -> 0 | AH92: =MAX(B92:AF92) -> 813.5 | AI92: =MIN(B92:AF92) -> 350.5
A93: MULTI F(39) | B93: 0 | C93: 0 | D93: 0 | E93: 0 | F93: 0 | G93: 0 | H93: 0 | I93: 0 | J93: 0 | K93: 0 | L93: 0 | M93: 0 | N93: 0 | O93: 0 | P93: 0 | Q93: 0 | R93: 0 | S93: 0 | T93: 0 | U93: 0 | V93: 0 | W93: 0 | X93: 0 | Y93: 0 | Z93: 0 | AA93: 0 | AB93: 0 | AC93: 0 | AD93: 0 | AE93: 0 | AF93: 0 | AG93: 39 | AH93: =MAX(B93:AF93) -> 0 | AI93: =MIN(B93:AF93) -> 0
A94: HTD DIE(14.41) | B94: 0 | C94: 0 | D94: 0 | E94: 0 | F94: 0 | G94: 0 | H94: 0 | I94: 0 | J94: 0 | K94: 0 | L94: 0 | M94: 0 | N94: 0 | O94: 0 | P94: 0 | Q94: 0 | R94: 0 | S94: 0 | T94: 0 | U94: 0 | V94: 0 | W94: 0 | X94: 0 | Y94: 0 | Z94: 0 | AA94: 0 | AB94: 0 | AC94: 0 | AD94: 0 | AE94: 0 | AF94: 0 | AG94: 14.4 | AH94: =MAX(B94:AF94) -> 0 | AI94: =MIN(B94:AF94) -> 0
A95: MRS DI() | B95: 0 | C95: 0 | D95: 0 | E95: 0 | F95: 0 | G95: 0 | H95: 0 | I95: 0 | J95: 0 | K95: 0 | L95: 0 | M95: 0 | N95: 0 | O95: 0 | P95: 0 | Q95: 0 | R95: 0 | S95: 0 | T95: 0 | U95: 0 | V95: 0 | W95: 0 | X95: 0 | Y95: 0 | Z95: 0 | AA95: 0 | AB95: 0 | AC95: 0 | AD95: 0 | AE95: 0 | AF95: 0 | AG95: 2 | AH95: =MAX(B95:AF95) -> 0 | AI95: =MIN(B95:AF95) -> 0
A96: Total THERMAL | AG96: =SUM(AG93:AG95) -> 55.4 | AH96: =MAX(B96:AF96) -> 0 | AI96: =MIN(B96:AF96) -> 0
A97: TOTAL SYSTEM LOAD (ACTUAL) | B97: =B58+B62+B80+B76+B92+B96 -> 1190.79 | C97: =C58+C62+C80+C76+C92+C96 -> 1194.69 | D97: =D58+D62+D80+D76+D92+D96 -> 1151.29 | E97: =E58+E62+E80+E76+E92+E96 -> 1149.89 | F97: =F58+F62+F80+F76+F92+F96 -> 1168.69 | G97: =G58+G62+G80+G76+G92+G96 -> 1266.59 | H97: =H58+H62+H80+H76+H92+H96 -> 1340.39 | I97: =I58+I62+I80+I76+I92+I96 -> 1433.79 | ... AG97: =AG58+AG62+AG80+AG76+AG92+AG96 -> 2231.81 | AH97: =MAX(B97:AF97) -> 1601.59 | AI97: =MIN(B97:AF97) -> 1149.89
A98: Interruption/Tripping | B98: 0 | C98: 0 | D98: 0 | E98: 0 | F98: 0 | G98: 0 | H98: 0 | I98: 0 | J98: 0 | K98: 150 | L98: 300 | M98: 280 | N98: 260 | O98: 260 | P98: 200 | W98: 150 | X98: 200 | Y98: 250 | Z98: 280 | AA98: 250 | AB98: 250 | AC98: 250 | AH98: =MAX(B98:AF98) -> 300 | AI98: =MIN(B98:AF98) -> 0
A99: TOTAL SYSTEM LOAD (EXPECTED) | B99: =B97+B98 -> 1190.79 | C99: =C97+C98 -> 1194.69 | D99: =D97+D98 -> 1151.29 | E99: =E97+E98 -> 1149.89 | F99: =F97+F98 -> 1168.69 | G99: =G97+G98 -> 1266.59 | H99: =H97+H98 -> 1340.39 | I99: =I97+I98 -> 1433.79 | ... AF99: =AF97+AF98 -> 1268.99 | AG99: =AG96+AG92+AG80+AG76+AG58+AG98 -> 1693.71 | AH99: =MAX(B99:AF99) -> 1847.19 | AI99: =MIN(B99:AF99) -> 1149.89
A100: TOTAL NATIONAL LOAD (ACTUAL) | B100: =B99-(B107) -> 1190.79 | C100: =C99-(C107) -> 1194.69 | D100: =D99-(D107) -> 1151.29 | E100: =E99-(E107) -> 1149.89 | F100: =F99-(F107) -> 1168.69 | G100: =G99-(G107) -> 1266.59 | H100: =H99-(H107) -> 1340.39 | I100: =I99-(I107) -> 1433.79 | ... AF100: =AF99-(AF107) -> 1268.99 | AH100: =MAX(B100:AF100) -> 1847.19 | AI100: =MIN(B100:AF100) -> 1149.89
A101: RAMNAGAR | B101: =IF(B84<0,B84*-1,0) -> 0 | C101: =IF(C84<0,C84*-1,0) -> 0 | D101: =IF(D84<0,D84*-1,0) -> 0 | E101: =IF(E84<0,E84*-1,0) -> 0 | F101: =IF(F84<0,F84*-1,0) -> 0 | G101: =IF(G84<0,G84*-1,0) -> 0 | H101: =IF(H84<0,H84*-1,0) -> 0 | I101: =IF(I84<0,I84*-1,0) -> 0 | ... AF101: =IF(AF84<0,AF84*-1,0) -> 0 | AH101: =MAX(B101:AF101) -> 0 | AI101: =MIN(B101:AF101) -> 0
A102: KATAIYA | B102: =IF(B82<0,B82*-1,0) -> 0 | C102: =IF(C82<0,C82*-1,0) -> 0 | D102: =IF(D82<0,D82*-1,0) -> 0 | E102: =IF(E82<0,E82*-1,0) -> 0 | F102: =IF(F82<0,F82*-1,0) -> 0 | G102: =IF(G82<0,G82*-1,0) -> 0 | H102: =IF(H82<0,H82*-1,0) -> 0 | I102: =IF(I82<0,I82*-1,0) -> 0 | ... AF102: =IF(AF82<0,AF82*-1,0) -> 0 | AH102: =MAX(B102:AF102) -> 0 | AI102: =MIN(B102:AF102) -> 0
A103: RAXAUL | B103: =IF(B85<0,B85*-1,0) -> 0 | C103: =IF(C85<0,C85*-1,0) -> 0 | D103: =IF(D85<0,D85*-1,0) -> 0 | E103: =IF(E85<0,E85*-1,0) -> 0 | F103: =IF(F85<0,F85*-1,0) -> 0 | G103: =IF(G85<0,G85*-1,0) -> 0 | H103: =IF(H85<0,H85*-1,0) -> 0 | I103: =IF(I85<0,I85*-1,0) -> 0 | ... AF103: =IF(AF85<0,AF85*-1,0) -> 0 | AH103: =MAX(B103:AF103) -> 0 | AI103: =MIN(B103:AF103) -> 0
A104: MUZAFFARPUR | B104: =IF(B83<0,B83*-1,0) -> 0 | C104: =IF(C83<0,C83*-1,0) -> 0 | D104: =IF(D83<0,D83*-1,0) -> 0 | E104: =IF(E83<0,E83*-1,0) -> 0 | F104: =IF(F83<0,F83*-1,0) -> 0 | G104: =IF(G83<0,G83*-1,0) -> 0 | H104: =IF(H83<0,H83*-1,0) -> 0 | I104: =IF(I83<0,I83*-1,0) -> 0 | ... AF104: =IF(AF83<0,AF83*-1,0) -> 0 | AH104: =MAX(B104:AF104) -> 0 | AI104: =MIN(B104:AF104) -> 0
A105: TANAKPUR | B105: =IF(B81<0,B81*-1,0) -> 0 | C105: =IF(C81<0,C81*-1,0) -> 0 | D105: =IF(D81<0,D81*-1,0) -> 0 | E105: =IF(E81<0,E81*-1,0) -> 0 | F105: =IF(F81<0,F81*-1,0) -> 0 | G105: =IF(G81<0,G81*-1,0) -> 0 | H105: =IF(H81<0,H81*-1,0) -> 0 | I105: =IF(I81<0,I81*-1,0) -> 0 | ... AF105: =IF(AF81<0,AF81*-1,0) -> 0 | AH105: =MAX(B105:AF105) -> 0 | AI105: =MIN(B105:AF105) -> 0
A106: OTHERS EXPORT | B106: 0 | C106: 0 | D106: 0 | E106: 0 | F106: 0 | G106: 0 | H106: 0 | I106: 0 | J106: 0 | K106: 0 | L106: 0 | M106: 0 | N106: 0 | O106: 0 | P106: 0 | Q106: 0 | R106: 0 | S106: 0 | T106: 0 | U106: 1 | V106: 0 | W106: 0 | X106: 0 | Y106: 0 | Z106: 0 | AA106: 0 | AB106: 0 | AC106: 0 | AD106: 0 | AE106: 0 | AF106: 0 | AH106: =MAX(B106:AF106) -> 1 | AI106: =MIN(B106:AF106) -> 0
A107: Total EXPORT | B107: =SUM(B101:B106) -> 0 | C107: =SUM(C101:C106) -> 0 | D107: =SUM(D101:D106) -> 0 | E107: =SUM(E101:E106) -> 0 | F107: =SUM(F101:F106) -> 0 | G107: =SUM(G101:G106) -> 0 | H107: =SUM(H101:H106) -> 0 | I107: =SUM(I101:I106) -> 0 | ... AF107: =SUM(AF101:AF106) -> 0 | AH107: =MAX(B107:AF107) -> 1 | AI107: =MIN(B107:AF107) -> 0
A108: NET IMPORT | B108: =B92-B107 -> 555.6 | C108: =C92-C107 -> 590.1 | D108: =D92-D107 -> 546.7 | E108: =E92-E107 -> 547.3 | F108: =F92-F107 -> 566.3 | G108: =G92-G107 -> 624.9 | H108: =H92-H107 -> 609.2 | I108: =I92-I107 -> 635 | ... AF108: =AF92-AF107 -> 663.1 | AH108: =MAX(B108:AF108) -> 813.5 | AI108: =MIN(B108:AF108) -> 350.5
A109: HZ | B109: 50.03 | C109: 49.97 | D109: 49.94 | E109: 49.948 | F109: 49.945 | G109: 50.011 | H109: 49.967 | I109: 49.827 | J109: 50.043 | K109: 50.109 | L109: 49.961 | M109: 50.06 | N109: 50.075 | O109: 49.982 | P109: 50.031 | Q109: 50.093 | R109: 49.976 | S109: 50.04 | T109: 49.959 | U109: 49.959 | V109: 50.053 | W109: 50.1 | X109: 49.99 | Y109: 50.042 | Z109: 49.964 | AA109: 50.026 | AB109: 50.057 | AC109: 50.017 | AD109: 50.02 | AE109: 49.99 | AF109: 50.05 | AH109: =MAX(B109:AF109) -> 50.109 | AI109: =MIN(B109:AF109) -> 49.827
A110: HTD 132KV | B110: 127.8 | C110: 127 | D110: 127 | E110: 128.3 | F110: 127.8 | G110: 127.4 | H110: 126.8 | I110: 125.3 | J110: 125.4 | K110: 127.7 | L110: 126.1 | M110: 125.8 | N110: 128.7 | O110: 124.6 | P110: 128.8 | Q110: 121.9 | R110: 122.9 | S110: 122.4 | T110: 121.1 | U110: 121.1 | V110: 128.3 | W110: 127.3 | X110: 127.9 | Y110: 127.3 | Z110: 127.8 | AA110: 129.5 | AB110: 129 | AC110: 130.3 | AD110: 128.36 | AE110: 128.5 | AF110: 128.6 | AH110: =MAX(B110:AF110) -> 130.3 | AI110: =MIN(B110:AF110) -> 121.1
A111: SUI 132KV | B111: 131.9 | C111: 131.2 | D111: 131.2 | E111: 132.4 | F111: 132.2 | G111: 131.3 | H111: 130.2 | I111: 128.7 | J111: 128.5 | K111: 128.9 | L111: 128 | M111: 127.6 | N111: 130.6 | O111: 125.7 | P111: 130.5 | Q111: 124.3 | R111: 125.9 | S111: 125.3 | T111: 124 | U111: 124 | V111: 129.5 | W111: 128.9 | X111: 130 | Y111: 129.3 | Z111: 129.4 | AA111: 131.4 | AB111: 131.1 | AC111: 132.2 | AD111: 130.5 | AE111: 130.7 | AF111: 132.1 | AH111: =MAX(B111:AF111) -> 132.4 | AI111: =MIN(B111:AF111) -> 124
A112: DUBI 132KV | B112: 127.7 | C112: 129.4 | D112: 129.4 | E112: 127.5 | F112: 127.4 | G112: 128.8 | H112: 125.7 | I112: 127.5 | J112: 124.9 | K112: 127.3 | L112: 128.4 | M112: 128 | N112: 128 | O112: 128.3 | P112: 126.5 | Q112: 126.3 | R112: 127.9 | S112: 124 | T112: 126.5 | U112: 126.5 | V112: 130.8 | W112: 128.5 | X112: 128.5 | Y112: 127.3 | Z112: 128.5 | AA112: 128.3 | AB112: 128.2 | AC112: 126.8 | AD112: 130 | AE112: 126.9 | AF112: 129.6 | AH112: =MAX(B112:AF112) -> 130.8 | AI112: =MIN(B112:AF112) -> 124
A113: ANAMANI 132KV | B113: 129.9 | C113: 132.4 | D113: 132.4 | E113: 130.2 | F113: 130.6 | G113: 130 | H113: 125.9 | I113: 128.4 | J113: 127 | K113: 128.6 | L113: 127.9 | M113: 127.4 | N113: 127.4 | O113: 128.2 | P113: 127.8 | Q113: 128.2 | R113: 131.2 | S113: 126.4 | T113: 128 | U113: 128 | V113: 131.4 | W113: 129.5 | X113: 128.4 | Y113: 127.4 | Z113: 129.4 | AA113: 129.6 | AB113: 130.9 | AC113: 129.7 | AD113: 132.9 | AE113: 129.9 | AF113: 132.1 | AH113: =MAX(B113:AF113) -> 132.9 | AI113: =MIN(B113:AF113) -> 125.9
A114: KG-A 132KV | B114: 134.4 | C114: 131.4 | D114: 131.4 | E114: 130.9 | F114: 131.7 | G114: 130.3 | H114: 133.4 | I114: 131.6 | J114: 134.8 | K114: 134.6 | L114: 133.8 | M114: 132.9 | N114: 132.6 | O114: 130.2 | P114: 132.3 | Q114: 131.3 | R114: 131.8 | S114: 132.4 | T114: 132.8 | U114: 132.8 | V114: 133.7 | W114: 133.4 | X114: 133.3 | Y114: 132.6 | Z114: 133.1 | AA114: 134.9 | AB114: 135.3 | AC114: 136.1 | AD114: 134.2 | AE114: 131.8 | AF114: 134.2 | AH114: =MAX(B114:AF114) -> 136.1 | AI114: =MIN(B114:AF114) -> 130.2
A115: KOHALPUR 132KV | B115: 125.4 | C115: 124.6 | D115: 124.6 | E115: 126.2 | F115: 135.5 | G115: 126.8 | H115: 134.6 | I115: 126.2 | J115: 133.5 | K115: 134 | L115: 131.1 | M115: 130.3 | N115: 135.3 | O115: 126.4 | P115: 133.2 | Q115: 127.2 | R115: 129.6 | S115: 130 | T115: 129.1 | U115: 129.1 | V115: 132.3 | W115: 130.5 | X115: 128 | Y115: 132.5 | Z115: 136.4 | AA115: 132.4 | AB115: 134.7 | AC115: 135.6 | AD115: 134.4 | AE115: 133.4 | AF115: 130.6 | AH115: =MAX(B115:AF115) -> 136.4 | AI115: =MIN(B115:AF115) -> 124.6
A116: SUI 66KV | B116: 66.2 | C116: 66.2 | D116: 66.2 | E116: 66.7 | F116: 66.5 | G116: 66.2 | H116: 65.8 | I116: 64.7 | J116: 64.9 | K116: 65 | L116: 64 | M116: 63.8 | N116: 65.4 | O116: 63 | P116: 65.4 | Q116: 62.5 | R116: 63.1 | S116: 63.2 | T116: 62.5 | U116: 62.5 | V116: 65.1 | W116: 64.8 | X116: 65.2 | Y116: 64.9 | Z116: 64.7 | AA116: 66 | AB116: 65.5 | AC116: 66.2 | AD116: 65.3 | AE116: 65.6 | AF116: 66.5 | AH116: =MAX(B116:AF116) -> 66.7 | AI116: =MIN(B116:AF116) -> 62.5
AH117: =MAX(B117:AF117) -> 0 | AI117: =MIN(B117:AF117) -> 0
A118: Kathmandu Load | B118: =SUM(B22,B28,B31:B32,B66,B68:B69,B71,B73,B119:B123,B155,B161,B167,B176,B178,B190,B197,B200:B201,B208,B210,B212,B216:B218,B220:B222,B227,B233:B234,B236:B238,B246,B251) -> 156.36 | C118: =SUM(C22,C28,C31:C32,C66,C68:C69,C71,C73,C119:C123,C155,C161,C167,C176,C178,C190,C197,C200:C201,C208,C210,C212,C216:C218,C220:C222,C227,C233:C234,C236:C238,C246,C251) -> 148.88 | D118: =SUM(D22,D28,D31:D32,D66,D68:D69,D71,D73,D119:D123,D155,D161,D167,D176,D178,D190,D197,D200:D201,D208,D210,D212,D216:D218,D220:D222,D227,D233:D234,D236:D238,D246,D251) -> 135.3 | E118: =SUM(E22,E28,E31:E32,E66,E68:E69,E71,E73,E119:E123,E155,E161,E167,E176,E178,E190,E197,E200:E201,E208,E210,E212,E216:E218,E220:E222,E227,E233:E234,E236:E238,E246,E251) -> 132.417 | F118: =SUM(F22,F28,F31:F32,F66,F68:F69,F71,F73,F119:F123,F155,F161,F167,F176,F178,F190,F197,F200:F201,F208,F210,F212,F216:F218,F220:F222,F227,F233:F234,F236:F238,F246,F251) -> 136.77 | G118: =SUM(G22,G28,G31:G32,G66,G68:G69,G71,G73,G119:G123,G155,G161,G167,G176,G178,G190,G197,G200:G201,G208,G210,G212,G216:G218,G220:G222,G227,G233:G234,G236:G238,G246,G251) -> 172.099 | H118: =SUM(H22,H28,H31:H32,H66,H68:H69,H71,H73,H119:H123,H155,H161,H167,H176,H178,H190,H197,H200:H201,H208,H210,H212,H216:H218,H220:H222,H227,H233:H234,H236:H238,H246,H251) -> 208.309 | I118: =SUM(I22,I28,I31:I32,I66,I68:I69,I71,I73,I119:I123,I155,I161,I167,I176,I178,I190,I197,I200:I201,I208,I210,I212,I216:I218,I220:I222,I227,I233:I234,I236:I238,I246,I251) -> 240.91 | ... O118: =SUM(O22,O28,O31:O32,O66,O68:O69,O71,O73,O119:O123,O155,O161,O167,O176,O178,O190,O197,O200:O201,O208,O210,O212,O216:O218,O220:O222,O227,O233:O234,O236:O238,O246,O251) -> 439.14 | P118: 42 | Q118: =SUM(Q22,Q28,Q31:Q32,Q66,Q68:Q69,Q71,Q73,Q119:Q123,Q155,Q161,Q167,Q176,Q178,Q190,Q197,Q200:Q201,Q208,Q210,Q212,Q216:Q218,Q220:Q222,Q227,Q233:Q234,Q236:Q238,Q246,Q251) -> 397.704 | R118: =SUM(R22,R28,R31:R32,R66,R68:R69,R71,R73,R119:R123,R155,R161,R167,R176,R178,R190,R197,R200:R201,R208,R210,R212,R216:R218,R220:R222,R227,R233:R234,R236:R238,R246,R251) -> 388.334 | S118: =SUM(S22,S28,S31:S32,S66,S68:S69,S71,S73,S119:S123,S155,S161,S167,S176,S178,S190,S197,S200:S201,S208,S210,S212,S216:S218,S220:S222,S227,S233:S234,S236:S238,S246,S251) -> 372.44 | T118: =SUM(T22,T28,T31:T32,T66,T68:T69,T71,T73,T119:T123,T155,T161,T167,T176,T178,T190,T197,T200:T201,T208,T210,T212,T216:T218,T220:T222,T227,T233:T234,T236:T238,T246,T251) -> 371.14 | U118: =SUM(U22,U28,U31:U32,U66,U68:U69,U71,U73,U119:U123,U155,U161,U167,U176,U178,U190,U197,U200:U201,U208,U210,U212,U216:U218,U220:U222,U227,U233:U234,U236:U238,U246,U251) -> 367.64 | V118: =SUM(V22,V28,V31:V32,V66,V68:V69,V71,V73,V119:V123,V155,V161,V167,V176,V178,V190,V197,V200:V201,V208,V210,V212,V216:V218,V220:V222,V227,V233:V234,V236:V238,V246,V251) -> 358.14 | W118: =SUM(W22,W28,W31:W32,W66,W68:W69,W71,W73,W119:W123,W155,W161,W167,W176,W178,W190,W197,W200:W201,W208,W210,W212,W216:W218,W220:W222,W227,W233:W234,W236:W238,W246,W251) -> 366.54 | X118: =SUM(X22,X28,X31:X32,X66,X68:X69,X71,X73,X119:X123,X155,X161,X167,X176,X178,X190,X197,X200:X201,X208,X210,X212,X216:X218,X220:X222,X227,X233:X234,X236:X238,X246,X251) -> 393.74 | Y118: =SUM(Y20,Y26,Y37:Y38,Y66,Y68:Y69,Y71,Y73,Y119:Y123,Y148,Y154,Y160,Y169,Y171,Y183,Y190,Y193:Y194,Y201,Y203,Y205,Y209:Y211,Y213:Y215,Y220,Y226:Y227,Y229:Y231,Y239,Y244) -> 445.5 | Z118: =SUM(Z20,Z26,Z37:Z38,Z66,Z68:Z69,Z71,Z73,Z119:Z123,Z148,Z154,Z160,Z169,Z171,Z183,Z190,Z193:Z194,Z201,Z203,Z205,Z209:Z211,Z213:Z215,Z220,Z226:Z227,Z229:Z231,Z239,Z244) -> 443.5 | AA118: =SUM(AA22,AA28,AA31:AA32,AA66,AA68:AA69,AA71,AA73,AA119:AA123,AA155,AA161,AA167,AA176,AA178,AA190,AA197,AA200:AA201,AA208,AA210,AA212,AA216:AA218,AA220:AA222,AA227,AA233:AA234,AA236:AA238,AA246,AA251) -> 416.74 | AB118: =SUM(AB22,AB28,AB31:AB32,AB66,AB68:AB69,AB71,AB73,AB119:AB123,AB155,AB161,AB167,AB176,AB178,AB190,AB197,AB200:AB201,AB208,AB210,AB212,AB216:AB218,AB220:AB222,AB227,AB233:AB234,AB236:AB238,AB246,AB251) -> 399.26 | AC118: =SUM(AC22,AC28,AC31:AC32,AC66,AC68:AC69,AC71,AC73,AC119:AC123,AC155,AC161,AC167,AC176,AC178,AC190,AC197,AC200:AC201,AC208,AC210,AC212,AC216:AC218,AC220:AC222,AC227,AC233:AC234,AC236:AC238,AC246,AC251) -> 386.16 | AE118: =SUM(AE22,AE28,AE31:AE32,AE66,AE68:AE69,AE71,AE73,AE119:AE123,AE155,AE161,AE167,AE176,AE178,AE190,AE197,AE200:AE201,AE208,AE210,AE212,AE216:AE218,AE220:AE222,AE227,AE233:AE234,AE236:AE238,AE246,AE251) -> 265.08 | AF118: =SUM(AF22,AF28,AF31:AF32,AF66,AF68:AF69,AF71,AF73,AF119:AF123,AF155,AF161,AF167,AF176,AF178,AF190,AF197,AF200:AF201,AF208,AF210,AF212,AF216:AF218,AF220:AF222,AF227,AF233:AF234,AF236:AF238,AF246,AF251) -> 191.66 | AH118: =MAX(B118:AF118) -> 445.5 | AI118: =MIN(B118:AF118) -> 42
A119: MRS-SYU | B119: -0.6 | C119: -5.7 | D119: -10.3 | E119: -9.1 | F119: -8.1 | G119: -15 | H119: 2.3 | I119: 4 | J119: 29.2 | K119: 28.6 | L119: 35.4 | M119: 36.4 | N119: 44.3 | O119: 40.9 | P119: 44 | Q119: 37.2 | R119: 36.2 | S119: 36 | T119: 31.8 | U119: 31.8 | V119: 27.2 | W119: 26.3 | X119: 34.3 | Y119: 40.1 | Z119: 37.9 | AA119: 32.7 | AB119: 28.9 | AC119: 31.2 | AD119: 29.8 | AE119: 7.6 | AF119: -2.4 | AG119: 75 | AH119: =MAX(B119:AF119) -> 44.3 | AI119: =MIN(B119:AF119) -> -15
A120: NMRS-MATA | B120: -1.2 | C120: -7.3 | D120: -13.8 | E120: -12.9 | F120: -10.2 | G120: -20.4 | H120: 1.4 | I120: 3.4 | J120: 39.6 | K120: 39.8 | L120: 47.6 | M120: 48.9 | N120: 61.4 | O120: 54.6 | P120: 61.2 | Q120: 48 | R120: 46.9 | S120: 47 | T120: 40.2 | U120: 40.2 | V120: 38.9 | W120: 36.2 | X120: 45 | Y120: 53.1 | Z120: 49.3 | AA120: 43.7 | AB120: 38.5 | AC120: 42.8 | AD120: 35.2 | AE120: 5.9 | AF120: -5.4 | AG120: 240 | AH120: =MAX(B120:AF120) -> 61.4 | AI120: =MIN(B120:AF120) -> -20.4
A121: KL2-MATA | B121: -38.4 | C121: -37.9 | D121: -36 | E121: -36 | F121: -40.1 | G121: -8.2 | H121: -5.7 | I121: -0.5 | J121: 7.3 | K121: 34.2 | L121: 52.9 | M121: 60 | N121: 24 | O121: 51.7 | P121: 25 | Q121: 40 | R121: 35.6 | S121: 31 | T121: 34 | U121: 34 | V121: 47 | W121: 50 | X121: 78 | Y121: 79 | Z121: 82 | AA121: 65 | AB121: =29+34 -> 63 | AC121: =25+29.4 -> 54.4 | AD121: =28.8+33.1 -> 61.9 | AE121: =9.8+11.8 -> 21.6 | AF121: =-1.9-2.4 -> -4.3 | AG121: 240 | AH121: =MAX(B121:AF121) -> 82 | AI121: =MIN(B121:AF121) -> -40.1
A122: KL1-SYU | B122: -9.5 | C122: -9.8 | D122: -9.7 | E122: -13.6 | F122: -13.7 | G122: -5.4 | H122: -5.4 | I122: -2.4 | J122: 0.8 | K122: 18.7 | L122: 26 | M122: 28 | N122: 21 | O122: 24.3 | P122: 23.3 | Q122: 11.1 | R122: 9.9 | S122: 5 | T122: 6 | U122: 6 | V122: 29.2 | W122: 29 | X122: 35 | Y122: 37 | Z122: 38 | AA122: 29.1 | AB122: 26.9 | AC122: 25.3 | AD122: 16.2 | AE122: 6.7 | AF122: -2.4 | AG122: 60 | AH122: =MAX(B122:AF122) -> 38 | AI122: =MIN(B122:AF122) -> -13.7
A123: KHIMTI-LAMOSANGHU | B123: =69.2*1.6 -> 110.72 | C123: =71.4*1.6 -> 114.24 | D123: =68.6*1.6 -> 109.76 | E123: =67.9*1.63 -> 110.677 | F123: =71*1.63 -> 115.73 | G123: =79.3*1.63 -> 129.259 | H123: =76.3*1.63 -> 124.369 | I123: =89*1.63 -> 145.07 | J123: =86.6*1.63 -> 141.158 | K123: =91.7*1.63 -> 149.471 | L123: =91.6*1.63 -> 149.308 | M123: =94.8*1.67 -> 158.316 | N123: =98.3*1.67 -> 164.161 | O123: 170 | P123: =89.8*1.67 -> 149.966 | Q123: =99.2*1.67 -> 165.664 | R123: =98.2*1.67 -> 163.994 | S123: 160 | T123: =102*1.6 -> 163.2 | U123: =102*1.6 -> 163.2 | V123: =78*1.6 -> 124.8 | W123: =84*1.6 -> 134.4 | X123: =70*1.6 -> 112 | Y123: 142.4 | Z123: =89*1.6 -> 142.4 | AA123: =98*1.6 -> 156.8 | AB123: =93*1.64 -> 152.52 | AC123: =88*1.64 -> 144.32 | AD123: =73*1.64 -> 119.72 | AE123: =82.9*1.6 -> 132.64 | AF123: =72.2*1.6 -> 115.52 | AG123: 120 | AH123: =MAX(B123:AF123) -> 170 | AI123: =MIN(B123:AF123) -> 109.76
A124: LAMOSHANGU-BHAKTAPUR | B124: 81.4 | C124: 82.5 | D124: 78.8 | E124: 80.8 | F124: 82.2 | G124: 88.8 | H124: 86.1 | I124: 95.9 | J124: 94.6 | K124: 99.3 | L124: 98.6 | M124: 100.9 | N124: 103.4 | O124: 96.8 | P124: 96.7 | Q124: 104.3 | R124: 102.9 | S124: 98 | T124: 106.4 | U124: 106.4 | V124: 88 | W124: 93.1 | X124: 81 | Y124: 95.4 | Z124: 96 | AA124: 102.4 | AB124: 98.7 | AC124: 95 | AD124: 83.5 | AE124: 92.1 | AF124: 83.3
A125: BALAJU-SYUCHATAR | B125: 77.3 | C125: 28 | D125: 21.4 | E125: 73 | F125: 71.7 | G125: 68 | H125: 44.8 | I125: 43.4 | J125: 0.5 | K125: -16.9 | L125: -30.2 | M125: -31.6 | N125: -26.4 | O125: -38.3 | P125: -27.3 | Q125: -9.9 | R125: -7.7 | S125: 8 | T125: -1.7 | U125: -1.7 | V125: -16.3 | W125: -14 | X125: -51.4 | Y125: -55.3 | Z125: -55 | AA125: -30 | AB125: -27.5 | AC125: -27 | AD125: -26.9 | AE125: 35.8 | AF125: 57.9
A126: DHALKE-NAWALPUR I | B126: 75.2 | C126: 102 | D126: 93.5 | E126: 91.1 | F126: 98.4 | G126: 85.6 | H126: 84.7 | I126: 91.5 | J126: 84.2 | K126: 80.7 | L126: 96.7 | M126: 96 | N126: 50.7 | O126: 76.2 | P126: 71.4 | Q126: 94.6 | R126: 95 | S126: 90 | T126: 104.1 | U126: 104.1 | V126: 77 | W126: 75.3 | X126: 89.3 | Y126: 100 | Z126: 102 | AA126: 98 | AB126: 87 | AC126: 72.5 | AD126: 91.5 | AE126: 79.6 | AF126: 76.7 | AH126: =MAX(B126:AF126) -> 104.1 | AI126: =MIN(B126:AF126) -> 50.7
A127: N. BHARATPUR-BARDGHAT I | B127: 7.7 | C127: 19.1 | D127: 23.2 | E127: 22.1 | F127: 19.2 | G127: 32 | H127: 28.7 | I127: 31.5 | J127: 8.6 | K127: 10.8 | L127: 0 | M127: 0 | N127: 0 | O127: 0 | P127: 0 | Q127: -13.4 | R127: -13.3 | S127: -15 | T127: -8.1 | U127: -8.1 | V127: -6 | W127: -5.1 | X127: -3.7 | Y127: 1 | Z127: 0 | AA127: -1.3 | AB127: -2.6 | AC127: -3.8 | AD127: 2.1 | AE127: 15.9 | AF127: 18.4 | AH127: =MAX(B127:AF127) -> 32 | AI127: =MIN(B127:AF127) -> -15
...

Sheet 3
A1: LOAD DISPATCH CENTRE, NEPAL ELECTRICITY AUTHORITY DAILY SYSTEM OPERATION LOG FOR INPS | AG1: Installed Capacity (MW)
B2: Bhai | D2: Sim | F2: Ktm | H2: Brt | J2: Rainfall | K2: Bhai | L2: Sim | M2: Ktm | N2: Brt | AG2: =AG58 -> 1042.4 | AH2: IPP
V3: * other ipp reduced to 210 due to addition of rudi khola a in log sheet | X3: llkkjmj | AG3: =AG76 -> 489.91 | AH3: NEA RoR
A4: Nepali Date: | B4: ="2080/"&"10/"&INT(MID(CELL("filename",D6),FIND("]",CELL("filename",D6))+1,200)) -> 2080/10/3 | E4: ="2080/"&"10/"&INT(MID(CELL("filename",G6),FIND("]",CELL("filename",G6))+1,200)) -> 2080/10/3 | H4: =TEXT(E4,"dddd") -> Thursday | K4: ="Total Peak Supply(Inclusive of Export) ("&ROUND(B264,0)&" MW)"&" IPP = "&ROUND(B259,0)&" MW NEA RoR = "&ROUND(B260,0)&" MWImport = "&ROUND(B262,0)&" MW KL1+KL2+K3 = "&ROUND(B261,0) &" MW EXPORT = "&ROUND(B263,0) -> Total Peak Supply(Inclusive of Export) (0 MW) IPP = 0 MW NEA RoR = 0 MWImport = 0 MW KL1+KL2+K3 = 0 MW EXPORT = 0 | AG4: =AG80 -> 106 | AH4: NEA Storage
B5: =C92 -> 566.6 | C5: =D92 -> 566.8 | D5: =E92 -> 553.78 | E5: =F92 -> 591.6 | F5: =G92 -> 564 | G5: =H92 -> 647.6 | H5: =I92 -> 657 | I5: =J92 -> 734 | ... AE5: =AF92 -> 579 | AF5: =B92 -> 675.4
K6: ="Evening Peak "&ROUND(B264,0)&"MW at "&TRUNC(B265*24,0)&":"&ROUND((B265*24-TRUNC(B265*24,0))*60,0)&"hr at "&ROUND(B266,1)&"Hz "&A256&" "&ROUND(B256,0)&"MW at "&TRUNC(C256*24,0)&":"&ROUND((C256*24-TRUNC(C256*24,0))*6,0)&"0hr" -> Evening Peak 0MW at 0:0hr at 0Hz Morning Peak 1852MW at 9:00hr | AG6: =SUM(AG2:AG4) -> 1638.31 | AH6: Total Hydro
A7: ="Base Load="&ROUND(MIN($B$7:$AF$7),0) -> Base Load=1155 | B7: =B100 -> 1281.49 | C7: =C100 -> 1172.69 | D7: =D100 -> 1166.79 | E7: =E100 -> 1155.17 | F7: =F100 -> 1192.99 | G7: =G100 -> 1181.29 | H7: =H100 -> 1281.79 | I7: =I100 -> 1368.09 | ... AF7: =AF100 -> 1249.39
B8: Night Shift(Contd..) | M8: Morning Shift | S8: Day Shift | AB8: Night Shift
A9: Hrs. Source | B9: 0 | C9: 0.041666667 | D9: 0.083333333 | E9: 0.125 | F9: 0.16666667 | G9: 0.20833333 | H9: 0.22916667 | I9: 0.25 | J9: 0.27083333 | K9: 0.29166667 | L9: 0.3125 | M9: 0.33333333 | N9: 0.375 | O9: 0.41666667 | P9: 0.45833333 | Q9: 0.5 | R9: 0.54166667 | S9: 0.58333333 | T9: 0.625 | U9: 0.66666667 | V9: 0.70833333 | W9: 0.72916667 | X9: 0.75 | Y9: 0.77083333 | Z9: 0.79166667 | AA9: 0.8125 | AB9: 0.83333333 | AC9: 0.85416667 | AD9: 0.875 | AE9: 0.91666667 | AF9: 0.95833333 | AG9: Installed Capacity (MW)
A11: Solu Khola Dudhkoshi(86) | B11: 29.5 | C11: 29.5 | D11: 29.5 | E11: 29.9 | F11: 29.9 | G11: 29.8 | H11: 29.8 | I11: 29.1 | J11: 28.4 | K11: 28.4 | L11: 28.4 | M11: 28.4 | N11: 28.4 | O11: 28.4 | P11: 28.4 | Q11: 28.4 | R11: 28.4 | S11: 28.8 | T11: 28.8 | U11: 29.8 | V11: 29.8 | W11: 29.8 | X11: 29.8 | Y11: 29.8 | Z11: 29.8 | AA11: 29.8 | AB11: 29.8 | AC11: 29.8 | AD11: 29.8 | AE11: 29.8 | AF11: 29.8 | AG11: 86 | AH11: =MAX(B11:AF11) -> 29.9 | AI11: =MIN(B11:AF11) -> 28.4
A12: Likhu-II(55) | B12: 9.8 | C12: 9.8 | D12: 9.8 | E12: 9.8 | F12: 9.8 | G12: 9.8 | H12: 9.8 | I12: 9.8 | J12: 9.8 | K12: 9.8 | L12: 9.8 | M12: 9.8 | N12: 9.8 | O12: 9.8 | P12: 9.8 | Q12: 9.8 | R12: 9.8 | S12: 9.8 | T12: 9.8 | U12: 9.8 | V12: 9.8 | W12: 9.8 | X12: 9.8 | Y12: 9.8 | Z12: 9.8 | AA12: 9.8 | AB12: 9.8 | AC12: 9.8 | AD12: 9.8 | AE12: 9.8 | AF12: 9.8 | AG12: 54 | AH12: =MAX(B12:AF12) -> 9.8 | AI12: =MIN(B12:AF12) -> 9.8
A13: Super Dordi (54) | B13: 10.3 | C13: 10.3 | D13: 10.3 | E13: 10.3 | F13: 10.3 | G13: 10.3 | H13: 10.3 | I13: 10.3 | J13: 10.3 | K13: 10.3 | L13: 10.3 | M13: 10.3 | N13: 10.3 | O13: 10.3 | P13: 10.3 | Q13: 10.3 | R13: 10.3 | S13: 10.3 | T13: 10.3 | U13: 10.3 | V13: 10.3 | W13: 10.3 | X13: 10.3 | Y13: 10.3 | Z13: 10.3 | AA13: 10.3 | AB13: 10.3 | AC13: 10.3 | AD13: 10.3 | AE13: 10.3 | AF13: 10.3 | AG13: 54 | AH13: =MAX(B13:AF13) -> 10.3 | AI13: =MIN(B13:AF13) -> 10.3
A14: Likhu-IV(52.4) | B14: 16.5 | C14: 16.5 | D14: 15.3 | E14: 15.3 | F14: 15.3 | G14: 15.3 | H14: 15.3 | I14: 15.3 | J14: 15.3 | K14: 15.3 | L14: 15.3 | M14: 15.3 | N14: 15.3 | O14: 15.3 | P14: 15.3 | Q14: 15.3 | R14: 15.3 | S14: 14.4 | T14: 17 | U14: 17 | V14: 17 | W14: 17 | X14: 17 | Y14: 17 | Z14: 17 | AA14: 17 | AB14: 17 | AC14: 17 | AD14: 17 | AE14: 17 | AF14: 17 | AG14: 52.4 | AH14: =MAX(B14:AF14) -> 17 | AI14: =MIN(B14:AF14) -> 14.4
A15: Upper Marsyangdi "A"(50) | B15: 29.1 | C15: 29.1 | D15: 28.3 | E15: 28.3 | F15: 28.3 | G15: 28.3 | H15: 28.3 | I15: 28.3 | J15: 28.3 | K15: 28.3 | L15: 28.3 | M15: 28.3 | N15: 28.3 | O15: 28.3 | P15: 28.3 | Q15: 28.3 | R15: 28.3 | S15: 28.2 | T15: 28.2 | U15: 28.2 | V15: 28.2 | W15: 28.2 | X15: 28.2 | Y15: 28.2 | Z15: 28.2 | AA15: 28.2 | AB15: 28.2 | AC15: 28.2 | AD15: 28.2 | AE15: 28.2 | AF15: 28.2 | AG15: 50 | AH15: =MAX(B15:AF15) -> 29.1 | AI15: =MIN(B15:AF15) -> 28.2
A16: Upper Bhotekoshi Khola(45) | B16: 17.3 | C16: 17.3 | D16: 16.8 | E16: 16.8 | F16: 16.8 | G16: 16.8 | H16: 16.8 | I16: 16.8 | J16: 16.8 | K16: 16.8 | L16: 16.8 | M16: 16.8 | N16: 16.8 | O16: 16.8 | P16: 16.8 | Q16: 16.8 | R16: 16.8 | S16: 16.2 | T16: 16.2 | U16: 16.2 | V16: 16.2 | W16: 16.2 | X16: 16.2 | Y16: 16.2 | Z16: 16.2 | AA16: 16.2 | AB16: 16.2 | AC16: 16.2 | AD16: 16.2 | AE16: 16.2 | AF16: 16.2 | AG16: 45 | AH16: =MAX(B16:AF16) -> 17.3 | AI16: =MIN(B16:AF16) -> 16.2
A17: Super Madi ( 44 ) | B17: 14 | C17: 14 | D17: 14 | E17: 14 | F17: 14 | G17: 14 | H17: 14 | I17: 14 | J17: 14 | K17: 14 | L17: 14 | M17: 14 | N17: 14 | O17: 14 | P17: 14 | Q17: 14 | R17: 14 | S17: 14 | T17: 14 | U17: 14 | V17: 14 | W17: 14 | X17: 14 | Y17: 14 | Z17: 14 | AA17: 14 | AB17: 14 | AC17: 14 | AD17: 14 | AE17: 14 | AF17: 14 | AG17: 44 | AH17: =MAX(B17:AG17) -> 44 | AI17: =MIN(B17:AG17) -> 14
A18: Mistri Khola(42) | B18: 7 | C18: 7 | D18: 7.5 | E18: 7.5 | F18: 7.5 | G18: 7.5 | H18: 7.5 | I18: 7.5 | J18: 7.5 | K18: 7.5 | L18: 7.5 | M18: 7.5 | N18: 7.5 | O18: 7.5 | P18: 7.5 | Q18: 7.5 | R18: 7.5 | S18: 7.8 | T18: 7.8 | U18: 7.8 | V18: 7.8 | W18: 7.8 | X18: 7.8 | Y18: 7.8 | Z18: 7.8 | AA18: 7.8 | AB18: 7.8 | AC18: 7.8 | AD18: 7.8 | AE18: 7.8 | AF18: 7.8 | AG18: 42 | AH18: =MAX(B18:AF18) -> 7.8 | AI18: =MIN(B18:AF18) -> 7
A19: Upper Chameliya(40) | B19: 12.2 | C19: 12.2 | D19: 12.2 | E19: 12.2 | F19: 12.2 | G19: 12.2 | H19: 12.2 | I19: 12.2 | J19: 12.2 | K19: 12.2 | L19: 12.2 | M19: 12.2 | N19: 12.2 | O19: 12.2 | P19: 12.2 | Q19: 12.2 | R19: 12.2 | S19: 12.2 | T19: 12.2 | U19: 12.2 | V19: 12.2 | W19: 12.2 | X19: 12.2 | Y19: 12.2 | Z19: 12.2 | AA19: 12.2 | AB19: 12.2 | AC19: 12.2 | AD19: 12.2 | AE19: 12.2 | AF19: 12.2 | AG19: 38.46 | AH19: =MAX(B19:AF19) -> 12.2 | AI19: =MIN(B19:AF19) -> 12.2
A20: Upper Kalanga Gad(38.46) | B20: 7.8 | C20: 7.8 | D20: 7.8 | E20: 7.8 | F20: 7.8 | G20: 7.8 | H20: 7.8 | I20: 7.8 | J20: 7.8 | K20: 7.8 | L20: 7.8 | M20: 7.8 | N20: 7.8 | O20: 7.8 | P20: 7.8 | Q20: 7.8 | R20: 7.8 | S20: 7.8 | T20: 7.8 | U20: 7.8 | V20: 7.8 | W20: 7.8 | X20: 7.8 | Y20: 7.8 | Z20: 7.8 | AA20: 7.8 | AB20: 7.8 | AC20: 7.8 | AD20: 7.8 | AE20: 7.8 | AF20: 7.8 | AG20: 38.46 | AH20: =MAX(B20:AF20) -> 7.8 | AI20: =MIN(B20:AF20) -> 7.8
A21: Upper Balefi (36) | B21: 13 | C21: 13 | D21: 13 | E21: 13 | F21: 13 | G21: 13 | H21: 13 | I21: 13 | J21: 13 | K21: 13 | L21: 13 | M21: 13 | N21: 13 | O21: 13 | P21: 13 | Q21: 13 | R21: 13 | S21: 13 | T21: 13 | U21: 13 | V21: 13 | W21: 13 | X21: 13 | Y21: 13 | Z21: 13 | AA21: 13 | AB21: 13 | AC21: 13 | AD21: 13 | AE21: 13 | AF21: 13 | AG21: 36 | AH21: =MAX(B21:AF21) -> 13 | AI21: =MIN(B21:AF21) -> 13
A22: Nyadi(30) | B22: 7.8 | C22: 7.8 | D22: 7.8 | E22: 7.8 | F22: 7.8 | G22: 7.8 | H22: 7.8 | I22: 7.8 | J22: 7.8 | K22: 7.8 | L22: 7.8 | M22: 7.8 | N22: 7.8 | O22: 7.8 | P22: 7.8 | Q22: 7.8 | R22: 7.8 | S22: 7.8 | T22: 7.8 | U22: 7.8 | V22: 7.8 | W22: 7.8 | X22: 7.8 | Y22: 7.8 | Z22: 7.8 | AA22: 7.8 | AB22: 7.8 | AC22: 7.8 | AD22: 7.8 | AE22: 7.8 | AF22: 7.8 | AG22: 30 | AH22: =MAX(B22:AF22) -> 7.8 | AI22: =MIN(B22:AF22) -> 7.8
A23: Likhu Khola A(29.04) | B23: 9 | C23: 9 | D23: 9 | E23: 9 | F23: 9 | G23: 9 | H23: 9 | I23: 9 | J23: 9 | K23: 9 | L23: 9 | M23: 9 | N23: 9 | O23: 9 | P23: 9 | Q23: 9 | R23: 9 | S23: 9 | T23: 9 | U23: 9 | V23: 9 | W23: 9 | X23: 9 | Y23: 9 | Z23: 9 | AA23: 9 | AB23: 9 | AC23: 9 | AD23: 9 | AE23: 9 | AF23: 9 | AG23: 24.2 | AH23: =MAX(B23:AF23) -> 9 | AI23: =MIN(B23:AF23) -> 9
A24: Lower Likhu(28) | B24: 8.7 | C24: 8.7 | D24: 8.2 | E24: 8.2 | F24: 8.2 | G24: 8.2 | H24: 8.2 | I24: 8.2 | J24: 8.2 | K24: 8.2 | L24: 8.2 | M24: 8.2 | N24: 8.2 | O24: 8.2 | P24: 8.2 | Q24: 8.2 | R24: 8.2 | S24: 8.2 | T24: 8.2 | U24: 8.2 | V24: 8.2 | W24: 8.2 | X24: 8.2 | Y24: 8.2 | Z24: 8.2 | AA24: 8.2 | AB24: 8.2 | AC24: 8.2 | AD24: 8.2 | AE24: 8.2 | AF24: 8.2 | AG24: 28 | AH24: =MAX(B24:AF24) -> 8.7 | AI24: =MIN(B24:AF24) -> 8.2
A25: Dordi(27) | B25: 6.4 | C25: 6.4 | D25: 6.4 | E25: 6.4 | F25: 6.4 | G25: 6.4 | H25: 6.4 | I25: 6.4 | J25: 6.4 | K25: 6.4 | L25: 6.4 | M25: 6.4 | N25: 6.4 | O25: 6.4 | P25: 6.4 | Q25: 6.4 | R25: 6.4 | S25: 6.4 | T25: 6.4 | U25: 6.4 | V25: 6.4 | W25: 6.4 | X25: 6.4 | Y25: 6.4 | Z25: 6.4 | AA25: 6.4 | AB25: 6.4 | AC25: 6.4 | AD25: 6.4 | AE25: 6.4 | AF25: 6.4 | AG25: 30 | AH25: =MAX(B25:AF25) -> 6.4 | AI25: =MIN(B25:AF25) -> 6.4
A26: Upper Madi(25) | B26: 6.5 | C26: 6.5 | D26: 6.5 | E26: 6.5 | F26: 6.5 | G26: 6.5 | H26: 6.5 | I26: 6.5 | J26: 6.5 | K26: 6.5 | L26: 6.5 | M26: 6.5 | N26: 6.5 | O26: 6.5 | P26: 6.5 | Q26: 6.5 | R26: 6.5 | S26: 6.5 | T26: 6.5 | U26: 6.5 | V26: 6.5 | W26: 6.5 | X26: 6.5 | Y26: 6.5 | Z26: 6.5 | AA26: 6.5 | AB26: 6.5 | AC26: 6.5 | AD26: 6.5 | AE26: 6.5 | AF26: 6.5 | AG26: 25 | AH26: =MAX(B26:AF26) -> 6.5 | AI26: =MIN(B26:AF26) -> 6.5
A27: Kabeli B-1(25) | B27: 5 | C27: 5 | D27: 5 | E27: 5 | F27: 5 | G27: 5 | H27: 5 | I27: 5 | J27: 5 | K27: 5 | L27: 5 | M27: 5 | N27: 5 | O27: 5 | P27: 5 | Q27: 5 | R27: 5 | S27: 5 | T27: 5 | U27: 5 | V27: 5 | W27: 5 | X27: 5 | Y27: 5 | Z27: 5 | AA27: 5 | AB27: 5 | AC27: 5 | AD27: 5 | AE27: 5 | AF27: 5 | AG27: 25 | AH27: =MAX(B27:AF27) -> 5 | AI27: =MIN(B27:AF27) -> 5
A28: Singati Khola(25) | B28: 6 | C28: 6 | D28: 6 | E28: 6 | F28: 6 | G28: 6 | H28: 6 | I28: 6 | J28: 6 | K28: 6 | L28: 6 | M28: 6 | N28: 6 | O28: 6 | P28: 6 | Q28: 6 | R28: 6 | S28: 6 | T28: 6 | U28: 6 | V28: 6 | W28: 6 | X28: 6 | Y28: 6 | Z28: 6 | AA28: 6 | AB28: 6 | AC28: 6 | AD28: 6 | AE28: 6 | AF28: 6 | AG28: 25 | AH28: =MAX(B28:AF28) -> 6 | AI28: =MIN(B28:AF28) -> 6
A29: Upper Dordi (25) | B29: 7.2 | C29: 7.2 | D29: 7.2 | E29: 7.2 | F29: 7.2 | G29: 7.2 | H29: 7.2 | I29: 7.2 | J29: 7.2 | K29: 7.2 | L29: 7.2 | M29: 7.2 | N29: 7.2 | O29: 7.2 | P29: 7.2 | Q29: 7.2 | R29: 7.2 | S29: 7.2 | T29: 7.2 | U29: 7.2 | V29: 7.2 | W29: 7.2 | X29: 7.2 | Y29: 7.2 | Z29: 7.2 | AA29: 7.2 | AB29: 7.2 | AC29: 7.2 | AD29: 7.2 | AE29: 7.2 | AF29: 7.2 | AG29: 25 | AH29: =MAX(B29:AF29) -> 7.2 | AI29: =MIN(B29:AF29) -> 7.2
... A56: Other IPP Total | B56: 150 | C56: 150 | D56: 150 | E56: 150 | F56: 150 | G56: 150 | H56: 150 | I56: 150 | J56: 150 | K56: 150 | L56: 150 | M56: 150 | N56: 150 | O56: 150 | P56: 150 | Q56: 150 | R56: 150 | S56: 150 | T56: 150 | U56: 150 | V56: 150 | W56: 150 | X56: 150 | Y56: 150 | Z56: 150 | AA56: 150 | AB56: 150 | AC56: 150 | AD56: 150 | AE56: 150 | AF56: 150 | AG56: 85 | AH56: =MAX(B56:AF56) -> 150 | AI56: =MIN(B56:AF56) -> 150
A57: Kabeli Corridor | B57: =7.1+14.9 -> 22 | C57: =7.1+14.9 -> 22 | D57: =7.4+16.6 -> 24 | E57: =17+7.5 -> 24.5 | F57: =16.6+7.3 -> 23.9 | G57: =16.6+7.3 -> 23.9 | H57: =16.5+7.2 -> 23.7 | I57: =15.1+6.7 -> 21.8 | J57: =14.9+6.6 -> 21.5 | K57: =14.1+6.3 -> 20.4 | L57: =13.7+6 -> 19.7 | M57: =13.7+6 -> 19.7 | N57: =13.7+6 -> 19.7 | O57: =13.7+6 -> 19.7 | P57: =13.7+6 -> 19.7 | Q57: =13.7+6 -> 19.7 | R57: =13.7+6 -> 19.7 | S57: 18.9 | T57: 18.9 | U57: 18.9 | V57: 18.9 | W57: 18.9 | X57: 18.9 | Y57: 18.9 | Z57: 18.9 | AA57: 18.9 | AB57: 18.9 | AC57: 18.9 | AD57: 18.9 | AE57: 18.9 | AF57: 18.9 | AG57: 240 | AH57: =MAX(B57:AF57) -> 24.5 | AI57: =MIN(B57:AF57) -> 18.9
A58: Total IPP | B58: =SUM(B11:B56) -> 486.55 | C58: =SUM(C11:C56) -> 486.55 | D58: =SUM(D11:D56) -> 484.05 | E58: =SUM(E11:E56) -> 484.45 | F58: =SUM(F11:F56) -> 484.45 | G58: =SUM(G11:G56) -> 484.35 | H58: =SUM(H11:H56) -> 484.35 | I58: =SUM(I11:I56) -> 483.65 | ... AF58: =SUM(AF11:AF56) -> 485.65 | AG58: =SUM(AG14:AG56) -> 1042.4 | AH58: =MAX(B58:AF58) -> 486.55 | AI58: =MIN(B58:AF58) -> 482.05
A59: Upper Tamakoshi(456) | B59: 0 | C59: 0 | D59: 0 | E59: 0 | F59: 0 | G59: 0 | H59: 0 | I59: 0 | J59: 0 | K59: 60 | L59: 190 | M59: 250 | N59: 250 | O59: 0 | P59: 0 | Q59: 0 | R59: 0 | S59: 30 | T59: 76 | U59: 76 | V59: 40 | W59: 30 | X59: 230 | Y59: 300 | Z59: 320 | AA59: 350 | AB59: 180 | AC59: 180 | AD59: 100 | AE59: 60 | AF59: 20 | AG59: 456 | AH59: =MAX(B59:AF59) -> 350 | AI59: =MIN(B59:AF59) -> 0
A60: Khimti Khola(60) | B60: 30 | C60: 30 | D60: 30 | E60: 30 | F60: 30 | G60: 30 | H60: 30 | I60: 30 | J60: 30 | K60: 30 | L60: 30 | M60: 30 | N60: 30 | O60: 30 | P60: 30 | Q60: 30 | R60: 30 | S60: 30 | T60: 30 | U60: 30 | V60: 30 | W60: 30 | X60: 30 | Y60: 30 | Z60: 30 | AA60: 30 | AB60: 30 | AC60: 30 | AD60: 30 | AE60: 30 | AF60: 30 | AG60: 60 | AH60: =MAX(B60:AF60) -> 30 | AI60: =MIN(B60:AF60) -> 30
A61: Chilime(22.1) | B61: 10.2 | C61: 10.2 | D61: 10.2 | E61: 10.2 | F61: 10.2 | G61: 10.2 | H61: 10.2 | I61: 10.2 | J61: 10.2 | K61: 10.2 | L61: 10.2 | M61: 10.2 | N61: 10.2 | O61: 10.2 | P61: 10.2 | Q61: 10.2 | R61: 10.2 | S61: 10.6 | T61: 10.2 | U61: 10.2 | V61: 10.2 | W61: 10.2 | X61: 10.2 | Y61: 10.2 | Z61: 15 | AA61: 15 | AB61: 15 | AC61: 15 | AD61: 15 | AE61: 15 | AF61: 15 | AG61: 22.1 | AH61: =MAX(B61:AF61) -> 15 | AI61: =MIN(B61:AF61) -> 10.2
A62: Total NEA SUBSIDIARIES | B62: =SUM(B59:B61) -> 40.2 | C62: =SUM(C59:C61) -> 40.2 | D62: =SUM(D59:D61) -> 40.2 | E62: =SUM(E59:E61) -> 40.2 | F62: =SUM(F59:F61) -> 40.2 | G62: =SUM(G59:G61) -> 40.2 | H62: =SUM(H59:H61) -> 40.2 | I62: =SUM(I59:I61) -> 40.2 | ... AG62: =SUM(AG59:AG61) -> 538.1 | AH62: =MAX(B62:AF62) -> 395 | AI62: =MIN(B62:AF62) -> 40.2
A63: KGA(144) | B63: 0 | C63: 0 | D63: 0 | E63: 0 | F63: 0 | G63: 0 | H63: 0 | I63: 30.6 | J63: 61 | K63: 101.8 | L63: 102.1 | M63: 90 | N63: 90 | O63: 63.4 | P63: 63.4 | Q63: 63.4 | R63: 63.4 | S63: 48.8 | T63: 41.1 | U63: 48 | V63: 30.3 | W63: 30.7 | X63: 72.4 | Y63: 144.7 | Z63: 144.7 | AA63: 112.1 | AB63: 102 | AC63: 92 | AD63: 70 | AE63: 30 | AF63: 0 | AG63: 144 | AH63: =MAX(B63:AF63) -> 144.7 | AI63: =MIN(B63:AF63) -> 0
A64: Middle MRS(70) | B64: 0 | C64: 0 | D64: 0 | E64: 0 | F64: 0 | G64: 0 | H64: 0 | I64: 25 | J64: 50 | K64: 60 | L64: 50 | M64: 46 | N64: 46 | O64: 47 | P64: 47 | Q64: 25 | R64: 25 | S64: 25.6 | T64: 25.6 | U64: 35 | V64: 22 | W64: 22 | X64: 35 | Y64: 69 | Z64: 69 | AA64: 60 | AB64: 35 | AC64: 35 | AD64: 35 | AE64: 25 | AF64: 0 | AG64: 70 | AH64: =MAX(B64:AF64) -> 69 | AI64: =MIN(B64:AF64) -> 0
A65: MRS(69) | B65: 0 | C65: 0 | D65: 0 | E65: 0 | F65: 0 | G65: 16 | H65: 22.9 | I65: 44.9 | J65: 32.8 | K65: 69.1 | L65: 60 | M65: 62.6 | N65: 62.6 | O65: 21 | P65: 21 | Q65: 21 | R65: 21 | S65: 22.3 | T65: 22 | U65: 22.4 | V65: 15.4 | W65: 16.9 | X65: 67.7 | Y65: 68.8 | Z65: 68.8 | AA65: 62.2 | AB65: 62.2 | AC65: 62.2 | AD65: 62 | AE65: 50 | AF65: 35 | AG65: 69 | AH65: =MAX(B65:AF65) -> 69.1 | AI65: =MIN(B65:AF65) -> 0
A66: U Trisuli 3A(60) | B66: 39.6 | C66: 39.6 | D66: 37 | E66: 37 | F66: 37 | G66: 37 | H66: 37 | I66: 37 | J66: 37.3 | K66: 38 | L66: 38 | M66: 38 | N66: 38 | O66: 38 | P66: 38 | Q66: 38 | R66: 38 | S66: 40.1 | T66: 39 | U66: 37 | V66: 39.6 | W66: 39.6 | X66: 36.8 | Y66: 36 | Z66: 36 | AA66: 37 | AB66: 37 | AC66: 37 | AD66: 37 | AE66: 37 | AF66: 37 | AG66: 60 | AH66: =MAX(B66:AF66) -> 40.1 | AI66: =MIN(B66:AF66) -> 36
A67: CHM(30) | B67: 0 | C67: 0 | D67: 0 | E67: 0 | F67: 0 | G67: 0 | H67: 10 | I67: 10 | J67: 10 | K67: 10 | L67: 23 | M67: 23 | N67: 23 | O67: 23 | P67: 23 | Q67: 23 | R67: 23 | S67: 10 | T67: 0 | U67: 0 | V67: 0 | W67: 0 | X67: 0 | Y67: 15 | Z67: 28 | AA67: 22 | AB67: 22 | AC67: 22 | AD67: 15 | AE67: 10 | AF67: 10 | AG67: 30 | AH67: =MAX(B67:AF67) -> 28 | AI67: =MIN(B67:AF67) -> 0
A68: NEA SOLAR(25) | B68: 0 | C68: 0 | D68: 0 | E68: 0 | F68: 0 | G68: 0 | H68: 0 | I68: 0 | J68: 0 | K68: 0 | L68: 0.4 | M68: 0.4 | N68: 0.4 | O68: 0.4 | P68: 0.4 | Q68: 0.4 | R68: 0.4 | S68: 12 | T68: 11.5 | U68: 4.3 | V68: 1.1 | W68: 0 | X68: 0 | Y68: 0 | Z68: 0 | AA68: 0 | AB68: 0 | AC68: 0 | AD68: 0 | AE68: 0 | AF68: 0 | AG68: 25 | AH68: =MAX(B68:AF68) -> 12 | AI68: =MIN(B68:AF68) -> 0
A69: TRI(24) | B69: 15 | C69: 15 | D69: 15 | E69: 15 | F69: 15 | G69: 15 | H69: 15 | I69: 15 | J69: 15 | K69: 15 | L69: 15 | M69: 15 | N69: 15 | O69: 15 | P69: 15 | Q69: 15 | R69: 15 | S69: 15 | T69: 15 | U69: 15 | V69: 15 | W69: 15 | X69: 15 | Y69: 15 | Z69: 15 | AA69: 15 | AB69: 15 | AC69: 15 | AD69: 15 | AE69: 15 | AF69: 15 | AG69: 24 | AH69: =MAX(B69:AF69) -> 15 | AI69: =MIN(B69:AF69) -> 15
A70: GDK(15) | B70: 4 | C70: 4 | D70: 4 | E70: 4 | F70: 4 | G70: 4 | H70: 4 | I70: 4 | J70: 4 | K70: 4 | L70: 4 | M70: 4 | N70: 4 | O70: 4 | P70: 4 | Q70: 4 | R70: 4 | S70: 4 | T70: 4 | U70: 4 | V70: 4 | W70: 4 | X70: 4 | Y70: 4 | Z70: 4 | AA70: 4 | AB70: 4 | AC70: 4 | AD70: 4 | AE70: 4 | AF70: 4 | AG70: 15 | AH70: =MAX(B70:AF70) -> 4 | AI70: =MIN(B70:AF70) -> 4
A71: DEVI(14.1) | B71: 9.3 | C71: 9.3 | D71: 9.3 | E71: 9.3 | F71: 9.3 | G71: 9.3 | H71: 9.3 | I71: 9.3 | J71: 9.3 | K71: 9.3 | L71: 9.3 | M71: 9.3 | N71: 9.3 | O71: 9.3 | P71: 9.3 | Q71: 9.3 | R71: 9.3 | S71: 9.3 | T71: 8.4 | U71: 8.4 | V71: 8.4 | W71: 8.4 | X71: 8.4 | Y71: 8.4 | Z71: 8.4 | AA71: 8.4 | AB71: 8.4 | AC71: 8.4 | AD71: 8.4 | AE71: 8.4 | AF71: 8.4 | AG71: 14.1 | AH71: =MAX(B71:AF71) -> 9.3 | AI71: =MIN(B71:AF71) -> 8.4
A72: MODI(14) | B72: 3.4 | C72: 3.4 | D72: 3.4 | E72: 3.4 | F72: 3.4 | G72: 3.4 | H72: 3.4 | I72: 3.4 | J72: 3.4 | K72: 3.4 | L72: 3.4 | M72: 3.4 | N72: 3.4 | O72: 3.4 | P72: 3.4 | Q72: 3.4 | R72: 3.4 | S72: 3.3 | T72: 3.3 | U72: 3.3 | V72: 3.3 | W72: 3.3 | X72: 3.3 | Y72: 3.3 | Z72: 3.3 | AA72: 3.3 | AB72: 3.3 | AC72: 3.3 | AD72: 3.3 | AE72: 3.3 | AF72: 3.3 | AG72: 14 | AH72: =MAX(B72:AF72) -> 3.4 | AI72: =MIN(B72:AF72) -> 3.3
A73: SUN(10.05) | B73: 2.5 | C73: 2.5 | D73: 2.5 | E73: 2.5 | F73: 2.5 | G73: 2.5 | H73: 2.5 | I73: 2.5 | J73: 2.5 | K73: 2.5 | L73: 2.5 | M73: 2.5 | N73: 2.5 | O73: 2.5 | P73: 2.5 | Q73: 2.5 | R73: 2.5 | S73: 2.5 | T73: 2.5 | U73: 2.5 | V73: 2.5 | W73: 2.5 | X73: 2.5 | Y73: 2.5 | Z73: 2.5 | AA73: 2.5 | AB73: 2.5 | AC73: 2.5 | AD73: 2.5 | AE73: 2.5 | AF73: 2.5 | AG73: 10.05 | AH73: =MAX(B73:AF73) -> 2.5 | AI73: =MIN(B73:AF73) -> 2.5
A74: PUWA(6.2) | B74: 2 | C74: 2 | D74: 2 | E74: 2 | F74: 2 | G74: 2 | H74: 2 | I74: 2 | J74: 2 | K74: 2 | L74: 2 | M74: 2 | N74: 2 | O74: 2 | P74: 2 | Q74: 2 | R74: 2 | S74: 2 | T74: 2 | U74: 2 | V74: 2 | W74: 2 | X74: 2 | Y74: 2 | Z74: 2 | AA74: 2 | AB74: 2 | AC74: 2 | AD74: 2 | AE74: 2 | AF74: 2 | AG74: 6.2 | AH74: =MAX(B74:AF74) -> 2 | AI74: =MIN(B74:AF74) -> 2
A75: Other NEA Small | B75: 3.54 | C75: 3.54 | D75: 3.54 | E75: 3.54 | F75: 3.54 | G75: 3.54 | H75: 3.54 | I75: 3.54 | J75: 3.54 | K75: 3.54 | L75: 3.54 | M75: 3.54 | N75: 3.54 | O75: 3.54 | P75: 3.54 | Q75: 3.54 | R75: 3.54 | S75: 3.54 | T75: 3.54 | U75: 3.54 | V75: 3.54 | W75: 3.54 | X75: 3.54 | Y75: 4.5 | Z75: 5.5 | AA75: 3.54 | AB75: 3.54 | AC75: 3.54 | AD75: 3.54 | AE75: 3.54 | AF75: 3.54 | AG75: =AG252 -> 8.56 | AH75: =MAX(B75:AF75) -> 5.5 | AI75: =MIN(B75:AF75) -> 3.54
A76: Total ROR | B76: =SUM(B63:B75) -> 79.34 | C76: =SUM(C63:C75) -> 79.34 | D76: =SUM(D63:D75) -> 76.74 | E76: =SUM(E63:E75) -> 76.74 | F76: =SUM(F63:F75) -> 76.74 | G76: =SUM(G63:G75) -> 92.74 | H76: =SUM(H63:H75) -> 109.64 | I76: =SUM(I63:I75) -> 187.24 | ... AG76: =SUM(AG63:AG75) -> 489.91 | AH76: =MAX(B76:AF76) -> 387.2 | AI76: =MIN(B76:AF76) -> 76.74
A77: KL1(60) | Z77: 12.2 | AA77: 0 | AG77: 60 | AH77: =MAX(B77:AF77) -> 12.2 | AI77: =MIN(B77:AF77) -> 0
A78: KL2(32) | Z78: 3.6 | AA78: 0 | AG78: 32 | AH78: =MAX(B78:AF78) -> 3.6 | AI78: =MIN(B78:AF78) -> 0
A79: KL3(14) | Z79: 1.3 | AA79: 0 | AG79: 14 | AH79: =MAX(B79:AF79) -> 1.3 | AI79: =MIN(B79:AF79) -> 0
A80: Total STORGE | B80: =B77+B78+B79 -> 0 | C80: =C77+C78+C79 -> 0 | D80: =D77+D78+D79 -> 0 | E80: =E77+E78+E79 -> 0 | F80: =F77+F78+F79 -> 0 | G80: =G77+G78+G79 -> 0 | H80: =H77+H78+H79 -> 0 | I80: =I77+I78+I79 -> 0 | ... AF80: =AF77+AF78+AF79 -> 0 | AG80: =SUM(AG77:AG79) -> 106 | AH80: =MAX(B80:AF80) -> 17.1 | AI80: =MIN(B80:AF80) -> 0
A81: TANAKPUR | B81: 64.3 | C81: 63.1 | D81: 69.3 | E81: 61 | F81: 67.6 | G81: 69 | H81: 65.6 | I81: 70 | J81: 61 | K81: 52.8 | L81: 43.5 | M81: 90.2 | N81: 57.1 | O81: 57.1 | P81: 57.1 | Q81: 64.5 | R81: 52.7 | S81: 43.8 | T81: 53.9 | U81: 67 | V81: 65.7 | W81: 56.6 | X81: 68 | Y81: 69.5 | Z81: 41.9 | AA81: 36 | AB81: 55.1 | AC81: 58 | AD81: 62.8 | AE81: 64 | AF81: 58 | AH81: =MAX(B81:AF81) -> 90.2 | AI81: =MIN(B81:AF81) -> 36
A82: KATAIYA | B82: 0 | C82: 0 | D82: 0 | AA82: 0 | AH82: =MAX(B82:AF82) -> 0 | AI82: =MIN(B82:AF82) -> 0
A83: MUJAFFARPUR | B83: 381 | C83: 420.5 | D83: 422.5 | E83: 417.78 | F83: 446 | G83: 385 | H83: 430 | I83: 449 | J83: 456 | K83: 305 | L83: 215 | M83: 109 | N83: 335 | O83: 335 | P83: 335 | Q83: 433 | R83: 416 | S83: 524 | T83: 409 | U83: 450 | V83: 360 | W83: 398 | X83: 291 | Y83: 225 | Z83: 150 | AA83: 161 | AB83: 317 | AC83: 350 | AD83: 390 | AE83: 386 | AF83: 383 | AH83: =MAX(B83:AF83) -> 524 | AI83: =MIN(B83:AF83) -> 109
A84: RAMNAGAR | B84: 45.6 | C84: 58 | D84: 58 | E84: 58 | F84: 60 | G84: 60 | H84: 60 | I84: 53 | J84: 46 | K84: 25 | L84: 17 | M84: 29.1 | N84: 23.4 | O84: 23.4 | P84: 23.4 | Q84: 65 | R84: 61.2 | S84: 62.5 | T84: 59 | U84: 57 | V84: 57 | W84: 7 | X84: 7 | Y84: 7 | Z84: 7 | AA84: 7 | AB84: 7 | AC84: 7 | AD84: 7 | AE84: 52 | AF84: 56 | AH84: =MAX(B84:AF84) -> 65 | AI84: =MIN(B84:AF84) -> 7
A85: RAXAUL 132 | B85: 120 | C85: 25 | D85: 17 | E85: 17 | F85: 18 | G85: 50 | H85: 92 | I85: 85 | J85: 93 | K85: 55 | L85: 32 | M85: 32 | N85: 28 | O85: 28 | P85: 28 | Q85: 100 | R85: 106 | S85: 114.5 | T85: 114 | U85: 112 | V85: 62 | W85: 56 | X85: 30 | Y85: 0 | Z85: 0 | AA85: 0 | AE85: 20 | AF85: 22 | AH85: =MAX(B85:AF85) -> 120 | AI85: =MIN(B85:AF85) -> 0
A86: NANPARA(33kV) | AA86: 0 | AH86: =MAX(B86:AF86) -> 0 | AI86: =MIN(B86:AF86) -> 0
A87: BISHANPUR(33kV) | AA87: 0 | AH87: =MAX(B87:AF87) -> 0 | AI87: =MIN(B87:AF87) -> 0 | AL87: UTK Discharge Test
A88: JALESHWOR(33kV) | AA88: 0 | AH88: =MAX(B88:AF88) -> 0 | AI88: =MIN(B88:AF88) -> 0
A89: RAJBIRAJ(33kV) | AA89: 0 | AH89: =MAX(B89:AF89) -> 0 | AI89: =MIN(B89:AF89) -> 0 | AK89: Line1
A90: RAXAUL(33kV) | AA90: 0 | AH90: =MAX(B90:AF90) -> 0 | AI90: =MIN(B90:AF90) -> 0 | AK90: Line 2
A91: SAMPATIYA 132 kV | B91: 64.5 | C91: 0 | D91: 0 | J91: 78 | K91: 62 | L91: 63.7 | M91: 55 | N91: 55.2 | O91: 55.2 | P91: 55.2 | Q91: 71 | R91: 64.7 | S91: 69 | T91: 68 | U91: 70 | V91: 51.6 | W91: 63.1 | X91: 65.6 | Y91: 71.2 | Z91: 70 | AA91: 51.6 | AB91: 54 | AC91: 55 | AD91: 66 | AE91: 65 | AF91: 60 | AH91: =MAX(B91:AF91) -> 78 | AI91: =MIN(B91:AF91) -> 0
A92: Total IMPORT | B92: =SUMIF(B81:B91,">0") -> 675.4 | C92: =SUMIF(C81:C91,">0") -> 566.6 | D92: =SUMIF(D81:D91,">0") -> 566.8 | E92: =SUMIF(E81:E91,">0") -> 553.78 | F92: =SUMIF(F81:F91,">0") -> 591.6 | G92: =SUMIF(G81:G91,">0") -> 564 | H92: =SUMIF(H81:H91,">0") -> 647.6 | I92: =SUMIF(I81:I91,">0") -> 657 | ... AF92: =SUMIF(AF81:AF91,">0") -> 579 | AG92: =SUM(AG81:AG91) -> 0 | AH92: =MAX(B92:AF92) -> 813.8 | AI92: =MIN(B92:AF92) -> 255.6
A93: MULTI F(39) | B93: 0 | C93: 0 | D93: 0 | E93: 0 | F93: 0 | G93: 0 | H93: 0 | I93: 0 | J93: 0 | K93: 0 | L93: 0 | M93: 0 | N93: 0 | O93: 0 | P93: 0 | Q93: 0 | R93: 0 | S93: 0 | T93: 0 | U93: 0 | V93: 0 | W93: 0 | X93: 0 | Y93: 0 | Z93: 0 | AA93: 0 | AB93: 0 | AC93: 0 | AD93: 0 | AE93: 0 | AF93: 0 | AG93: 39 | AH93: =MAX(B93:AF93) -> 0 | AI93: =MIN(B93:AF93) -> 0
A94: HTD DIE(14.41) | B94: 0 | C94: 0 | D94: 0 | E94: 0 | F94: 0 | G94: 0 | H94: 0 | I94: 0 | J94: 0 | K94: 0 | L94: 0 | M94: 0 | N94: 0 | O94: 0 | P94: 0 | Q94: 0 | R94: 0 | S94: 0 | T94: 0 | U94: 0 | V94: 0 | W94: 0 | X94: 0 | Y94: 0 | Z94: 0 | AA94: 0 | AB94: 0 | AC94: 0 | AD94: 0 | AE94: 0 | AF94: 0 | AG94: 14.4 | AH94: =MAX(B94:AF94) -> 0 | AI94: =MIN(B94:AF94) -> 0
A95: MRS DI() | B95: 0 | C95: 0 | D95: 0 | E95: 0 | F95: 0 | G95: 0 | H95: 0 | I95: 0 | J95: 0 | K95: 0 | L95: 0 | M95: 0 | N95: 0 | O95: 0 | P95: 0 | Q95: 0 | R95: 0 | S95: 0 | T95: 0 | U95: 0 | V95: 0 | W95: 0 | X95: 0 | Y95: 0 | Z95: 0 | AA95: 0 | AB95: 0 | AC95: 0 | AD95: 0 | AE95: 0 | AF95: 0 | AG95: 2 | AH95: =MAX(B95:AF95) -> 0 | AI95: =MIN(B95:AF95) -> 0
A96: Total THERMAL | X96: 0 | AG96: =SUM(AG93:AG95) -> 55.4 | AH96: =MAX(B96:AF96) -> 0 | AI96: =MIN(B96:AF96) -> 0
A97: TOTAL SYSTEM LOAD (ACTUAL) | B97: =B58+B62+B80+B76+B92+B96 -> 1281.49 | C97: =C58+C62+C80+C76+C92+C96 -> 1172.69 | D97: =D58+D62+D80+D76+D92+D96 -> 1167.79 | E97: =E58+E62+E80+E76+E92+E96 -> 1155.17 | F97: =F58+F62+F80+F76+F92+F96 -> 1192.99 | G97: =G58+G62+G80+G76+G92+G96 -> 1181.29 | H97: =H58+H62+H80+H76+H92+H96 -> 1281.79 | I97: =I58+I62+I80+I76+I92+I96 -> 1368.09 | ... AG97: =AG58+AG62+AG80+AG76+AG92+AG96 -> 2231.81 | AH97: =MAX(B97:AF97) -> 1571.75 | AI97: =MIN(B97:AF97) -> 1155.17
A98: Interruption/Tripping | K98: 250 | L98: 280 | M98: 280 | N98: 280 | O98: 280 | W98: 200 | X98: 250 | Y98: 250 | Z98: 250 | AA98: 220 | AB98: 200 | AC98: 150 | AD98: 0 | AH98: =MAX(B98:AF98) -> 280 | AI98: =MIN(B98:AF98) -> 0
A99: TOTAL SYSTEM LOAD (EXPECTED) | B99: =B97+B98 -> 1281.49 | C99: =C97+C98 -> 1172.69 | D99: =D97+D98 -> 1167.79 | E99: =E97+E98 -> 1155.17 | F99: =F97+F98 -> 1192.99 | G99: =G97+G98 -> 1181.29 | H99: =H97+H98 -> 1281.79 | I99: =I97+I98 -> 1368.09 | ... AF99: =AF97+AF98 -> 1250.39 | AG99: =AG96+AG92+AG80+AG76+AG58+AG98 -> 1693.71 | AH99: =MAX(B99:AF99) -> 1851.59 | AI99: =MIN(B99:AF99) -> 1155.17
A100: TOTAL NATIONAL LOAD (ACTUAL) | B100: =B99-(B107) -> 1281.49 | C100: =C99-(C107) -> 1172.69 | D100: =D99-(D107) -> 1166.79 | E100: =E99-(E107) -> 1155.17 | F100: =F99-(F107) -> 1192.99 | G100: =G99-(G107) -> 1181.29 | H100: =H99-(H107) -> 1281.79 | I100: =I99-(I107) -> 1368.09 | ... AF100: =AF99-(AF107) -> 1249.39 | AH100: =MAX(B100:AF100) -> 1851.59 | AI100: =MIN(B100:AF100) -> 1155.17
A101: RAMNAGAR | B101: =IF(B84<0,B84*-1,0) -> 0 | C101: =IF(C84<0,C84*-1,0) -> 0 | D101: =IF(D84<0,D84*-1,0) -> 0 | E101: =IF(E84<0,E84*-1,0) -> 0 | F101: =IF(F84<0,F84*-1,0) -> 0 | G101: =IF(G84<0,G84*-1,0) -> 0 | H101: =IF(H84<0,H84*-1,0) -> 0 | I101: =IF(I84<0,I84*-1,0) -> 0 | ... AF101: =IF(AF84<0,AF84*-1,0) -> 0 | AH101: =MAX(B101:AF101) -> 0 | AI101: =MIN(B101:AF101) -> 0
A102: KATAIYA | B102: =IF(B82<0,B82*-1,0) -> 0 | C102: =IF(C82<0,C82*-1,0) -> 0 | D102: =IF(D82<0,D82*-1,0) -> 0 | E102: =IF(E82<0,E82*-1,0) -> 0 | F102: =IF(F82<0,F82*-1,0) -> 0 | G102: =IF(G82<0,G82*-1,0) -> 0 | H102: =IF(H82<0,H82*-1,0) -> 0 | I102: =IF(I82<0,I82*-1,0) -> 0 | ... AF102: =IF(AF82<0,AF82*-1,0) -> 0 | AH102: =MAX(B102:AF102) -> 0 | AI102: =MIN(B102:AF102) -> 0
A103: RAXAUL | B103: =IF(B85<0,B85*-1,0) -> 0 | C103: =IF(C85<0,C85*-1,0) -> 0 | D103: =IF(D85<0,D85*-1,0) -> 0 | E103: =IF(E85<0,E85*-1,0) -> 0 | F103: =IF(F85<0,F85*-1,0) -> 0 | G103: =IF(G85<0,G85*-1,0) -> 0 | H103: =IF(H85<0,H85*-1,0) -> 0 | I103: =IF(I85<0,I85*-1,0) -> 0 | ... AF103: =IF(AF85<0,AF85*-1,0) -> 0 | AH103: =MAX(B103:AF103) -> 0 | AI103: =MIN(B103:AF103) -> 0
A104: MUZAFFARPUR | B104: =IF(B83<0,B83*-1,0) -> 0 | C104: =IF(C83<0,C83*-1,0) -> 0 | D104: =IF(D83<0,D83*-1,0) -> 0 | E104: =IF(E83<0,E83*-1,0) -> 0 | F104: =IF(F83<0,F83*-1,0) -> 0 | G104: =IF(G83<0,G83*-1,0) -> 0 | H104: =IF(H83<0,H83*-1,0) -> 0 | I104: =IF(I83<0,I83*-1,0) -> 0 | ... AF104: =IF(AF83<0,AF83*-1,0) -> 0 | AH104: =MAX(B104:AF104) -> 0 | AI104: =MIN(B104:AF104) -> 0
A105: TANAKPUR | B105: =IF(B81<0,B81*-1,0) -> 0 | C105: =IF(C81<0,C81*-1,0) -> 0 | D105: =IF(D81<0,D81*-1,0) -> 0 | E105: =IF(E81<0,E81*-1,0) -> 0 | F105: =IF(F81<0,F81*-1,0) -> 0 | G105: =IF(G81<0,G81*-1,0) -> 0 | H105: =IF(H81<0,H81*-1,0) -> 0 | I105: =IF(I81<0,I81*-1,0) -> 0 | ... AF105: =IF(AF81<0,AF81*-1,0) -> 0 | AH105: =MAX(B105:AF105) -> 0 | AI105: =MIN(B105:AF105) -> 0
A106: OTHERS EXPORT | B106: 0 | C106: 0 | D106: 1 | E106: 0 | F106: 0 | G106: 0 | H106: 0 | I106: 0 | J106: 0 | K106: 0 | L106: 0 | M106: 0 | N106: 0 | O106: 0 | P106: 0 | Q106: 0 | R106: 0 | S106: 0 | T106: 0 | U106: 0 | V106: 0 | W106: 0 | X106: 0 | Y106: 0 | Z106: 0 | AA106: 0 | AB106: 0 | AC106: 1 | AD106: 0 | AE106: 0 | AF106: 1 | AH106: =MAX(B106:AF106) -> 1 | AI106: =MIN(B106:AF106) -> 0
A107: Total EXPORT | B107: =SUM(B101:B106) -> 0 | C107: =SUM(C101:C106) -> 0 | D107: =SUM(D101:D106) -> 1 | E107: =SUM(E101:E106) -> 0 | F107: =SUM(F101:F106) -> 0 | G107: =SUM(G101:G106) -> 0 | H107: =SUM(H101:H106) -> 0 | I107: =SUM(I101:I106) -> 0 | ... AF107: =SUM(AF101:AF106) -> 1 | AH107: =MAX(B107:AF107) -> 1 | AI107: =MIN(B107:AF107) -> 0
A108: NET IMPORT | B108: =B92-B107 -> 675.4 | C108: =C92-C107 -> 566.6 | D108: =D92-D107 -> 565.8 | E108: =E92-E107 -> 553.78 | F108: =F92-F107 -> 591.6 | G108: =G92-G107 -> 564 | H108: =H92-H107 -> 647.6 | I108: =I92-I107 -> 657 | ... AF108: =AF92-AF107 -> 578 | AH108: =MAX(B108:AF108) -> 813.8 | AI108: =MIN(B108:AF108) -> 255.6
A109: HZ | B109: 49.97 | C109: 49.98 | D109: 50.02 | E109: 49.973 | F109: 50.04 | G109: 49.952 | H109: 49.989 | I109: 50.014 | J109: 50.064 | K109: 50.057 | L109: 50.037 | M109: 50.06 | N109: 50.038 | O109: 50.038 | P109: 49.99 | Q109: 50.003 | R109: 50.051 | S109: 50.027 | T109: 49.943 | U109: 50.065 | V109: 49.953 | W109: 50.111 | X109: 50.01 | Y109: 49.999 | Z109: 50.082 | AA109: 50.024 | AB109: 50.057 | AC109: 50.04 | AD109: 49.99 | AE109: 50.01 | AF109: 49.95 | AH109: =MAX(B109:AF109) -> 50.111 | AI109: =MIN(B109:AF109) -> 49.943
A110: HTD 132KV | B110: 129.7 | C110: 128.1 | D110: 129.7 | E110: 129.8 | F110: 128.6 | G110: 129.4 | H110: 127.2 | I110: 126.9 | J110: 126.3 | K110: 127.7 | L110: 125.9 | M110: 126.1 | N110: 127.1 | O110: 127.1 | P110: 123.9 | Q110: 122.8 | R110: 125.5 | S110: 124.7 | T110: 122.7 | U110: 122.1 | V110: 128.2 | W110: 126.5 | X110: 126 | Y110: 125.7 | Z110: 127.7 | AA110: 126.9 | AB110: 126.1 | AC110: 127 | AD110: 127 | AE110: 127 | AF110: 127 | AH110: =MAX(B110:AF110) -> 129.8 | AI110: =MIN(B110:AF110) -> 122.1
A111: SUI 132KV | B111: 132.8 | C111: 131.8 | D111: 133.4 | E111: 133.1 | F111: 132.4 | G111: 132.7 | H111: 130.7 | I111: 130.1 | J111: 128.8 | K111: 128.9 | L111: 126.9 | M111: 127.1 | N111: 129.3 | O111: 129.3 | P111: 125.7 | Q111: 125.6 | R111: 128 | S111: 127.4 | T111: 125.9 | U111: 125.4 | V111: 130 | W111: 128.4 | X111: 127.4 | Y111: 127 | Z111: 128.8 | AA111: 130.4 | AB111: 128.7 | AC111: 129 | AD111: 129 | AE111: 129 | AF111: 129 | AH111: =MAX(B111:AF111) -> 133.4 | AI111: =MIN(B111:AF111) -> 125.4
A112: DUBI 132KV | B112: 130.3 | C112: 130 | D112: 131.4 | E112: 128.8 | F112: 127.5 | G112: 130.5 | H112: 127.5 | I112: 129 | J112: 125.5 | K112: 129.2 | L112: 132.6 | M112: 131.1 | N112: 132.5 | O112: 132.5 | P112: 127.4 | Q112: 126.8 | R112: 126.8 | S112: 126.5 | T112: 127.7 | U112: 127.8 | V112: 131.4 | W112: 128.2 | X112: 126.2 | Y112: 129.1 | Z112: 130.9 | AA112: 130.6 | AB112: 126.4 | AC112: 128 | AD112: 128 | AE112: 128 | AF112: 128 | AH112: =MAX(B112:AF112) -> 132.6 | AI112: =MIN(B112:AF112) -> 125.5
A113: ANAMANI 132KV | B113: 132.5 | C113: 131.9 | D113: 133.5 | E113: 129.5 | F113: 128.6 | G113: 129.9 | H113: 127.5 | I113: 128.3 | J113: 126.9 | K113: 128.8 | L113: 132.6 | M113: 130.4 | N113: 132.4 | O113: 132.4 | P113: 128 | Q113: 128.7 | R113: 129.3 | S113: 127.9 | T113: 129.1 | U113: 128.6 | V113: 131.5 | W113: 129.3 | X113: 125.8 | Y113: 129.1 | Z113: 131.7 | AA113: 132.1 | AB113: 129.6 | AC113: 131 | AD113: 131 | AE113: 131 | AF113: 131 | AH113: =MAX(B113:AF113) -> 133.5 | AI113: =MIN(B113:AF113) -> 125.8
A114: KG-A 132KV | B114: 131.5 | C114: 132.3 | D114: 128.9 | E114: 134.8 | F114: 132.5 | G114: 131.3 | H114: 130.6 | I114: 131.7 | J114: 133.1 | K114: 132.7 | L114: 131.4 | M114: 132.3 | N114: 131.4 | O114: 131.4 | P114: 130 | Q114: 130.5 | R114: 134.2 | S114: 132 | T114: 130.7 | U114: 132.3 | V114: 135.3 | W114: 132.6 | X114: 133.8 | Y114: 131.3 | Z114: 134.2 | AA114: 135.5 | AB114: 136.9 | AC114: 137 | AD114: 137 | AE114: 137 | AF114: 137 | AH114: =MAX(B114:AF114) -> 137 | AI114: =MIN(B114:AF114) -> 128.9
A115: KOHALPUR 132KV | B115: 131.5 | C115: 128.5 | D115: 128.5 | E115: 128.1 | F115: 134.1 | G115: 134.7 | H115: 129.9 | I115: 133.6 | J115: 133.5 | K115: 132.6 | L115: 128 | M115: 132.3 | N115: 132.8 | O115: 132.8 | P115: 128.4 | Q115: 128.4 | R115: 128.2 | S115: 131.5 | T115: 131.5 | U115: 133.9 | V115: 126.8 | W115: 129.6 | X115: 127.5 | Y115: 127.3 | Z115: 127.8 | AA115: 128.6 | AB115: 131.2 | AC115: 131 | AD115: 131 | AE115: 131 | AF115: 131 | AH115: =MAX(B115:AF115) -> 134.7 | AI115: =MIN(B115:AF115) -> 126.8
A116: SUI 66KV | B116: 66.9 | C116: 66.6 | D116: 66.6 | E116: 67.1 | F116: 66.7 | G116: 66.6 | H116: 65.7 | I116: 65.2 | J116: 64.4 | K116: 64.6 | L116: 63.7 | M116: 63.7 | N116: 65 | O116: 65 | P116: 63..5 | Q116: 63 | R116: 64.8 | S116: 63.6 | T116: 63.4 | U116: 62.8 | V116: 65.5 | W116: 64.5 | X116: 64.4 | Y116: 63.9 | Z116: 64.3 | AA116: 65.3 | AB116: 64.3 | AC116: 64.3 | AD116: 64.3 | AE116: 64.3 | AF116: 64.3 | AH116: =MAX(B116:AF116) -> 67.1 | AI116: =MIN(B116:AF116) -> 62.8
AH117: =MAX(B117:AF117) -> 0 | AI117: =MIN(B117:AF117) -> 0
A118: Kathmandu Load | B118: =SUM(B22,B28,B31:B32,B66,B68:B69,B71,B73,B119:B123,B155,B161,B167,B176,B178,B190,B197,B200:B201,B208,B210,B212,B216:B218,B220:B222,B227,B233:B234,B236:B238,B246,B251) -> 158.98 | C118: =SUM(C22,C28,C31:C32,C66,C68:C69,C71,C73,C119:C123,C155,C161,C167,C176,C178,C190,C197,C200:C201,C208,C210,C212,C216:C218,C220:C222,C227,C233:C234,C236:C238,C246,C251) -> 142.28 | D118: =SUM(D22,D28,D31:D32,D66,D68:D69,D71,D73,D119:D123,D155,D161,D167,D176,D178,D190,D197,D200:D201,D208,D210,D212,D216:D218,D220:D222,D227,D233:D234,D236:D238,D246,D251) -> 172.62 | E118: =SUM(E22,E28,E31:E32,E66,E68:E69,E71,E73,E119:E123,E155,E161,E167,E176,E178,E190,E197,E200:E201,E208,E210,E212,E216:E218,E220:E222,E227,E233:E234,E236:E238,E246,E251) -> 137.64 | F118: =SUM(F22,F28,F31:F32,F66,F68:F69,F71,F73,F119:F123,F155,F161,F167,F176,F178,F190,F197,F200:F201,F208,F210,F212,F216:F218,F220:F222,F227,F233:F234,F236:F238,F246,F251) -> 146.96 | G118: =SUM(G22,G28,G31:G32,G66,G68:G69,G71,G73,G119:G123,G155,G161,G167,G176,G178,G190,G197,G200:G201,G208,G210,G212,G216:G218,G220:G222,G227,G233:G234,G236:G238,G246,G251) -> 168.62 | H118: =SUM(H22,H28,H31:H32,H66,H68:H69,H71,H73,H119:H123,H155,H161,H167,H176,H178,H190,H197,H200:H201,H208,H210,H212,H216:H218,H220:H222,H227,H233:H234,H236:H238,H246,H251) -> 199.32 | I118: =SUM(I22,I28,I31:I32,I66,I68:I69,I71,I73,I119:I123,I155,I161,I167,I176,I178,I190,I197,I200:I201,I208,I210,I212,I216:I218,I220:I222,I227,I233:I234,I236:I238,I246,I251) -> 247 | ... O118: =SUM(O22,O28,O31:O32,O66,O68:O69,O71,O73,O119:O123,O155,O161,O167,O176,O178,O190,O197,O200:O201,O208,O210,O212,O216:O218,O220:O222,O227,O233:O234,O236:O238,O246,O251) -> 365.14 | P118: 42 | Q118: =SUM(Q22,Q28,Q31:Q32,Q66,Q68:Q69,Q71,Q73,Q119:Q123,Q155,Q161,Q167,Q176,Q178,Q190,Q197,Q200:Q201,Q208,Q210,Q212,Q216:Q218,Q220:Q222,Q227,Q233:Q234,Q236:Q238,Q246,Q251) -> 294.84 | R118: =SUM(R22,R28,R31:R32,R66,R68:R69,R71,R73,R119:R123,R155,R161,R167,R176,R178,R190,R197,R200:R201,R208,R210,R212,R216:R218,R220:R222,R227,R233:R234,R236:R238,R246,R251) -> 280.84 | S118: =SUM(S22,S28,S31:S32,S66,S68:S69,S71,S73,S119:S123,S155,S161,S167,S176,S178,S190,S197,S200:S201,S208,S210,S212,S216:S218,S220:S222,S227,S233:S234,S236:S238,S246,S251) -> 301.508 | T118: =SUM(T22,T28,T31:T32,T66,T68:T69,T71,T73,T119:T123,T155,T161,T167,T176,T178,T190,T197,T200:T201,T208,T210,T212,T216:T218,T220:T222,T227,T233:T234,T236:T238,T246,T251) -> 311.286 | U118: =SUM(U22,U28,U31:U32,U66,U68:U69,U71,U73,U119:U123,U155,U161,U167,U176,U178,U190,U197,U200:U201,U208,U210,U212,U216:U218,U220:U222,U227,U233:U234,U236:U238,U246,U251) -> 322.56 | V118: =SUM(V22,V28,V31:V32,V66,V68:V69,V71,V73,V119:V123,V155,V161,V167,V176,V178,V190,V197,V200:V201,V208,V210,V212,V216:V218,V220:V222,V227,V233:V234,V236:V238,V246,V251) -> 325.775 | W118: =SUM(W22,W28,W31:W32,W66,W68:W69,W71,W73,W119:W123,W155,W161,W167,W176,W178,W190,W197,W200:W201,W208,W210,W212,W216:W218,W220:W222,W227,W233:W234,W236:W238,W246,W251) -> 331.504 | X118: =SUM(X22,X28,X31:X32,X66,X68:X69,X71,X73,X119:X123,X155,X161,X167,X176,X178,X190,X197,X200:X201,X208,X210,X212,X216:X218,X220:X222,X227,X233:X234,X236:X238,X246,X251) -> 415.108 | Y118: =SUM(Y20,Y26,Y37:Y38,Y66,Y68:Y69,Y71,Y73,Y119:Y123,Y148,Y154,Y160,Y169,Y171,Y183,Y190,Y193:Y194,Y201,Y203,Y205,Y209:Y211,Y213:Y215,Y220,Y226:Y227,Y229:Y231,Y239,Y244) -> 455.032 | Z118: =SUM(Z20,Z26,Z37:Z38,Z66,Z68:Z69,Z71,Z73,Z119:Z123,Z148,Z154,Z160,Z169,Z171,Z183,Z190,Z193:Z194,Z201,Z203,Z205,Z209:Z211,Z213:Z215,Z220,Z226:Z227,Z229:Z231,Z239,Z244) -> 433.643 | AA118: =SUM(AA22,AA28,AA31:AA32,AA66,AA68:AA69,AA71,AA73,AA119:AA123,AA155,AA161,AA167,AA176,AA178,AA190,AA197,AA200:AA201,AA208,AA210,AA212,AA216:AA218,AA220:AA222,AA227,AA233:AA234,AA236:AA238,AA246,AA251) -> 417.757 | AB118: =SUM(AB22,AB28,AB31:AB32,AB66,AB68:AB69,AB71,AB73,AB119:AB123,AB155,AB161,AB167,AB176,AB178,AB190,AB197,AB200:AB201,AB208,AB210,AB212,AB216:AB218,AB220:AB222,AB227,AB233:AB234,AB236:AB238,AB246,AB251) -> 383.44 | AC118: =SUM(AC22,AC28,AC31:AC32,AC66,AC68:AC69,AC71,AC73,AC119:AC123,AC155,AC161,AC167,AC176,AC178,AC190,AC197,AC200:AC201,AC208,AC210,AC212,AC216:AC218,AC220:AC222,AC227,AC233:AC234,AC236:AC238,AC246,AC251) -> 373.64 | AD118: =SUM(AD22,AD28,AD31:AD32,AD66,AD68:AD69,AD71,AD73,AD119:AD123,AD155,AD161,AD167,AD176,AD178,AD190,AD197,AD200:AD201,AD208,AD210,AD212,AD216:AD218,AD220:AD222,AD227,AD233:AD234,AD236:AD238,AD246,AD251) -> 373.64 | AE118: =SUM(AE22,AE28,AE31:AE32,AE66,AE68:AE69,AE71,AE73,AE119:AE123,AE155,AE161,AE167,AE176,AE178,AE190,AE197,AE200:AE201,AE208,AE210,AE212,AE216:AE218,AE220:AE222,AE227,AE233:AE234,AE236:AE238,AE246,AE251) -> 242.64 | AF118: =SUM(AF22,AF28,AF31:AF32,AF66,AF68:AF69,AF71,AF73,AF119:AF123,AF155,AF161,AF167,AF176,AF178,AF190,AF197,AF200:AF201,AF208,AF210,AF212,AF216:AF218,AF220:AF222,AF227,AF233:AF234,AF236:AF238,AF246,AF251) -> 180.64 | AH118: =MAX(B118:AF118) -> 455.032 | AI118: =MIN(B118:AF118) -> 42
A119: MRS-SYU | B119: -9.2 | C119: -11.8 | D119: -9.5 | E119: -7.5 | F119: -10.3 | G119: -8 | H119: -6 | I119: 7.9 | J119: 26.3 | K119: 44.1 | L119: 37.9 | M119: 42.9 | N119: 30.2 | O119: 30.2 | P119: 23.1 | Q119: 21.5 | R119: 22.8 | S119: 18.2 | T119: 14.4 | U119: 12.2 | V119: 18.9 | W119: 13.6 | X119: 34.7 | Y119: 48.1 | Z119: 49.8 | AA119: 39.8 | AB119: 39.4 | AC119: 38 | AD119: 38 | AE119: 26 | AF119: 11 | AG119: 75 | AH119: =MAX(B119:AF119) -> 49.8 | AI119: =MIN(B119:AF119) -> -11.8
A120: NMRS-MATA | B120: -14.2 | C120: -15.8 | D120: -13.8 | E120: -10.6 | F120: -15 | G120: -14.3 | H120: -12 | I120: 6.9 | J120: 32.8 | K120: 60.4 | L120: 48.8 | M120: 56.1 | N120: 44 | O120: 44 | P120: 28 | Q120: 26.4 | R120: 29.1 | S120: 22.2 | T120: 16.8 | U120: 12.1 | V120: 26.8 | W120: 19 | X120: 45.6 | Y120: 65.8 | Z120: 68.3 | AA120: 54.4 | AB120: 53 | AC120: 51 | AD120: 51 | AE120: 37 | AF120: 17 | AG120: 240 | AH120: =MAX(B120:AF120) -> 68.3 | AI120: =MIN(B120:AF120) -> -15.8
A121: KL2-MATA | B121: =-4.8-5.6 -> -10.4 | C121: =-15.2-17.9 -> -33.1 | D121: =-15.2+17.6 -> 2.4 | E121: =-16-19 -> -35 | F121: =-15-17 -> -32 | G121: =-2.9-3.6 -> -6.5 | H121: -1.2 | I121: =2.6+3.3 -> 5.9 | J121: =8.8+9.2 -> 18 | K121: =13.6+15.6 -> 29.2 | L121: =22+26 -> 48 | M121: 40 | N121: 37 | O121: 37 | P121: 23 | Q121: 20 | R121: 12 | S121: 14.3 | T121: 17.9 | U121: 25 | V121: 37 | W121: 40 | X121: 56 | Y121: 50 | Z121: 42 | AA121: 48.4 | AB121: 33 | AC121: 33 | AD121: 33 | AE121: -10 | AF121: -25 | AG121: 240 | AH121: =MAX(B121:AF121) -> 56 | AI121: =MIN(B121:AF121) -> -35
A122: KL1-SYU | B122: -8.6 | C122: -12 | D122: -13.1 | E122: -12.6 | F122: -12.2 | G122: -9.2 | H122: -4.5 | I122: 0 | J122: 3.8 | K122: 17.5 | L122: 25.1 | M122: 24 | N122: 19 | O122: 19 | P122: 7 | Q122: 7 | R122: 7 | S122: 5.9 | T122: 4.4 | U122: 4.3 | V122: 17.3 | W122: 19.7 | X122: 23.7 | Y122: 35.7 | Z122: 29.3 | AA122: 28.7 | AB122: 24 | AC122: 24 | AD122: 24 | AE122: 2 | AF122: 0 | AG122: 60 | AH122: =MAX(B122:AF122) -> 35.7 | AI122: =MIN(B122:AF122) -> -13.1
A123: KHIMTI-LAMOSANGHU | B123: =68.9*1.6 -> 110.24 | C123: =77.4*1.6 -> 123.84 | D123: =73.8*1.6 -> 118.08 | E123: =70*1.64 -> 114.8 | F123: =78*1.64 -> 127.92 | G123: =72*1.64 -> 118.08 | H123: =82*1.64 -> 134.48 | I123: =84*1.64 -> 137.76 | J123: =81*1.64 -> 132.84 | K123: =68*1.641 -> 111.588 | L123: =90*1.64 -> 147.6 | M123: 140 | N123: 145 | O123: 145 | P123: 135 | Q123: 130 | R123: 120 | S123: =1.64*83.7 -> 137.268 | T123: =93.8*1.67 -> 156.646 | U123: =106*1.67 -> 177.02 | V123: =80.5*1.67 -> 134.435 | W123: =89.2*1.67 -> 148.964 | X123: =100.4*1.67 -> 167.668 | Y123: =99.6*1.67 -> 166.332 | Z123: =92.9*1.67 -> 155.143 | AA123: =95.1*1.67 -> 158.817 | AB123: =91.5*1.6 -> 146.4 | AC123: 140 | AD123: 140 | AE123: 100 | AF123: 90 | AG123: 120 | AH123: =MAX(B123:AF123) -> 177.02 | AI123: =MIN(B123:AF123) -> 90
A124: LAMOSHANGU-BHAKTAPUR | B124: 81.6 | C124: 89.5 | D124: 86.5 | E124: 82.1 | F124: 88.9 | G124: 83.8 | H124: 91.1 | I124: 92.98 | J124: 91 | K124: 79 | L124: 97.2 | M124: 92 | N124: 93 | O124: 93 | P124: 95 | Q124: 96 | R124: 89 | S124: 90.6 | T124: 100.4 | U124: 111 | V124: 90 | W124: 96.2 | X124: 104.2 | Y124: 104.1 | Z124: 99.2 | AA124: 101.2 | AB124: 98 | AC124: 97 | AD124: 97 | AE124: 84 | AF124: 72
A125: BALAJU-SYUCHATAR | B125: 53.5 | C125: 80 | D125: 75.9 | E125: 71.4 | F125: 77 | G125: 54.5 | H125: 57.9 | I125: 42.6 | J125: 10.9 | K125: -40 | L125: -29.2 | M125: -34 | N125: -24 | O125: -24 | P125: 15 | Q125: 22 | R125: 28 | S125: 20.5 | T125: 39.1 | U125: 40 | V125: -3.5 | W125: 2.3 | X125: -36.1 | Y125: -37 | Z125: -41.1 | AA125: -29.5 | AB125: -23.4 | AC125: -20 | AD125: -20 | AE125: 20 | AF125: 40
A126: DHALKE-NAWALPUR I | B126: 75.2 | C126: 114.5 | D126: 105.2 | E126: 96.2 | F126: 105.2 | G126: 76.6 | H126: 89 | I126: 87.4 | J126: 84 | K126: 63.6 | L126: 79.8 | M126: 66.8 | N126: 68.7 | O126: 68.7 | P126: 96 | Q126: 87 | R126: 85 | S126: 82.1 | T126: 100.1 | U126: 106 | V126: 82 | W126: 88.6 | X126: 84.8 | Y126: 82.3 | Z126: 74 | AA126: 107 | AB126: 89 | AC126: 90 | AD126: 90 | AE126: 89 | AF126: 90 | AH126: =MAX(B126:AF126) -> 114.5 | AI126: =MIN(B126:AF126) -> 63.6
A127: N. BHARATPUR-BARDGHAT I | B127: 26.7 | C127: 26.1 | D127: 24.7 | E127: 22.5 | F127: 25.9 | G127: 29.5 | H127: 29.6 | I127: 20.7 | J127: 0 | K127: -8.3 | L127: -3.8 | M127: -9 | N127: -4 | O127: -4 | P127: 3.1 | Q127: 6.5 | R127: 4.6 | S127: 9.2 | T127: 9.9 | U127: 6.4 | V127: 1.7 | W127: 6.7 | X127: -3.8 | Y127: -12.1 | Z127: -10.8 | AA127: 2.2 | AB127: -5.3 | AC127: -3 | AD127: -3 | AE127: 0 | AF127: 0 | AH127: =MAX(B127:AF127) -> 29.6 | AI127: =MIN(B127:AF127) -> -12.1
...

Sheet 4
A1: LOAD DISPATCH CENTRE, NEPAL ELECTRICITY AUTHORITY DAILY SYSTEM OPERATION LOG FOR INPS | AG1: Installed Capacity (MW)
B2: Bhai | D2: Sim | F2: Ktm | H2: Brt | J2: Rainfall | K2: Bhai | L2: Sim | M2: Ktm | N2: Brt | AG2: =AG58 -> 1042.4 | AH2: IPP
V3: * other ipp reduced to 210 due to addition of rudi khola a in log sheet | X3: llkkjmj | AG3: =AG76 -> 489.91 | AH3: NEA RoR
A4: Nepali Date: | B4: ="2080/"&"10/"&INT(MID(CELL("filename",D6),FIND("]",CELL("filename",D6))+1,200)) -> 2080/10/4 | E4: ="2080/"&"10/"&INT(MID(CELL("filename",G6),FIND("]",CELL("filename",G6))+1,200)) -> 2080/10/4 | H4: =TEXT(E4,"dddd") -> Friday | K4: ="Total Peak Supply(Inclusive of Export) ("&ROUND(B264,0)&" MW)"&" IPP = "&ROUND(B259,0)&" MW NEA RoR = "&ROUND(B260,0)&" MWImport = "&ROUND(B262,0)&" MW KL1+KL2+K3 = "&ROUND(B261,0) &" MW EXPORT = "&ROUND(B263,0) -> Total Peak Supply(Inclusive of Export) (0 MW) IPP = 0 MW NEA RoR = 0 MWImport = 0 MW KL1+KL2+K3 = 0 MW EXPORT = 0 | AG4: =AG80 -> 106 | AH4: NEA Storage
B5: =C92 -> 568 | C5: =D92 -> 549 | D5: =E92 -> 538.6 | E5: =F92 -> 531.9 | F5: =G92 -> 560.2 | G5: =H92 -> 593.5 | H5: =I92 -> 560.5 | I5: =J92 -> 609 | ... AE5: =AF92 -> 621.3 | AF5: =B92 -> 534
K6: ="Evening Peak "&ROUND(B264,0)&"MW at "&TRUNC(B265*24,0)&":"&ROUND((B265*24-TRUNC(B265*24,0))*60,0)&"hr at "&ROUND(B266,1)&"Hz "&A256&" "&ROUND(B256,0)&"MW at "&TRUNC(C256*24,0)&":"&ROUND((C256*24-TRUNC(C256*24,0))*6,0)&"0hr" -> Evening Peak 0MW at 0:0hr at 0Hz Morning Peak 1729MW at 7:30hr | AG6: =SUM(AG2:AG4) -> 1638.31 | AH6: Total Hydro
A7: ="Base Load="&ROUND(MIN($B$7:$AF$7),0) -> Base Load=1145 | B7: =B100 -> 1185.39 | C7: =C100 -> 1219.39 | D7: =D100 -> 1200.39 | E7: =E100 -> 1144.99 | F7: =F100 -> 1173.29 | G7: =G100 -> 1201.59 | H7: =H100 -> 1353.59 | I7: =I100 -> 1396.59 | ... AF7: =AF100 -> 1299.99
B8: Night Shift(Contd..) | M8: Morning Shift | S8: Day Shift | AB8: Night Shift
A9: Hrs. Source | B9: 0 | C9: 0.041666667 | D9: 0.083333333 | E9: 0.125 | F9: 0.16666667 | G9: 0.20833333 | H9: 0.22916667 | I9: 0.25 | J9: 0.27083333 | K9: 0.29166667 | L9: 0.3125 | M9: 0.33333333 | N9: 0.375 | O9: 0.41666667 | P9: 0.45833333 | Q9: 0.5 | R9: 0.54166667 | S9: 0.58333333 | T9: 0.625 | U9: 0.66666667 | V9: 0.70833333 | W9: 0.72916667 | X9: 0.75 | Y9: 0.77083333 | Z9: 0.79166667 | AA9: 0.8125 | AB9: 0.83333333 | AC9: 0.85416667 | AD9: 0.875 | AE9: 0.91666667 | AF9: 0.95833333 | AG9: Installed Capacity (MW)
A11: Solu Khola Dudhkoshi(86) | B11: 29.8 | C11: 29.8 | D11: 29.8 | E11: 29.8 | F11: 29.8 | G11: 29.8 | H11: 29.8 | I11: 29.8 | J11: 29.8 | K11: 29.8 | L11: 29.8 | M11: 28.8 | N11: 28.8 | O11: 28.1 | P11: 28.1 | Q11: 28.1 | R11: 28.1 | S11: 28.1 | T11: 28.1 | U11: 28.1 | V11: 28.1 | W11: 28.1 | X11: 28.1 | Y11: 28.1 | Z11: 28.1 | AA11: 28.1 | AB11: 29.2 | AC11: 29.2 | AD11: 29.2 | AE11: 29.2 | AF11: 30.6 | AG11: 86 | AH11: =MAX(B11:AF11) -> 30.6 | AI11: =MIN(B11:AF11) -> 28.1
A12: Likhu-II(55) | B12: 9.8 | C12: 9.8 | D12: 9.8 | E12: 9.8 | F12: 9.8 | G12: 9.8 | H12: 9.8 | I12: 9.8 | J12: 9.8 | K12: 9.8 | L12: 9.8 | M12: 9.8 | N12: 9.8 | O12: 9.85 | P12: 9.85 | Q12: 9.85 | R12: 9.85 | S12: 9.85 | T12: 9.85 | U12: 9.85 | V12: 9.85 | W12: 9.85 | X12: 9.85 | Y12: 9.85 | Z12: 9.85 | AA12: 9.85 | AB12: 9.9 | AC12: 9.9 | AD12: 9.9 | AE12: 9.9 | AF12: 9.9 | AG12: 54 | AH12: =MAX(B12:AF12) -> 9.9 | AI12: =MIN(B12:AF12) -> 9.8
A13: Super Dordi (54) | B13: 10.3 | C13: 10.3 | D13: 10.3 | E13: 10.3 | F13: 10.3 | G13: 10.3 | H13: 10.3 | I13: 10.3 | J13: 10.3 | K13: 10.3 | L13: 10.3 | M13: 10.3 | N13: 10.3 | O13: 10.3 | P13: 10.3 | Q13: 10.3 | R13: 10.3 | S13: 10.3 | T13: 10.3 | U13: 10.3 | V13: 10.3 | W13: 10.3 | X13: 10.3 | Y13: 10.3 | Z13: 10.3 | AA13: 10.3 | AB13: 10.3 | AC13: 10.3 | AD13: 10.3 | AE13: 10.3 | AF13: 10.3 | AG13: 54 | AH13: =MAX(B13:AF13) -> 10.3 | AI13: =MIN(B13:AF13) -> 10.3
A14: Likhu-IV(52.4) | B14: 17 | C14: 17 | D14: 17 | E14: 17 | F14: 17 | G14: 17 | H14: 17 | I14: 17 | J14: 17 | K14: 17 | L14: 17 | M14: 15.1 | N14: 15.1 | O14: 15.1 | P14: 15.1 | Q14: 15.1 | R14: 15.1 | S14: 15.1 | T14: 15.1 | U14: 15.1 | V14: 15.1 | W14: 15.1 | X14: 15.1 | Y14: 15.1 | Z14: 15.1 | AA14: 15.1 | AB14: 14.9 | AC14: 14.9 | AD14: 14.9 | AE14: 14.9 | AF14: 14.9 | AG14: 52.4 | AH14: =MAX(B14:AF14) -> 17 | AI14: =MIN(B14:AF14) -> 14.9
A15: Upper Marsyangdi "A"(50) | B15: 28.2 | C15: 28.2 | D15: 28.2 | E15: 28.2 | F15: 28.2 | G15: 28.2 | H15: 28.2 | I15: 28.2 | J15: 28.2 | K15: 28.2 | L15: 28.2 | M15: 28 | N15: 28 | O15: 28 | P15: 28 | Q15: 28 | R15: 28 | S15: 28 | T15: 28 | U15: 28 | V15: 28 | W15: 28 | X15: 28 | Y15: 28 | Z15: 28 | AA15: 28 | AB15: 28.3 | AC15: 28.3 | AD15: 28.3 | AE15: 28.3 | AF15: 28.3 | AG15: 50 | AH15: =MAX(B15:AF15) -> 28.3 | AI15: =MIN(B15:AF15) -> 28
A16: Upper Bhotekoshi Khola(45) | B16: 16.2 | C16: 16.2 | D16: 16.2 | E16: 16.2 | F16: 16.2 | G16: 16.2 | H16: 16.2 | I16: 16.2 | J16: 16.2 | K16: 16.2 | L16: 16.2 | M16: 15.8 | N16: 15.8 | O16: 15.8 | P16: 15.8 | Q16: 15.8 | R16: 15.8 | S16: 15.8 | T16: 15.8 | U16: 15.8 | V16: 15.8 | W16: 15.8 | X16: 15.8 | Y16: 15.8 | Z16: 15.8 | AA16: 15.8 | AB16: 17.1 | AC16: 17.1 | AD16: 17.1 | AE16: 17.1 | AF16: 17.1 | AG16: 45 | AH16: =MAX(B16:AF16) -> 17.1 | AI16: =MIN(B16:AF16) -> 15.8
A17: Super Madi ( 44 ) | B17: 14 | C17: 14 | D17: 14 | E17: 14 | F17: 14 | G17: 14 | H17: 14 | I17: 14 | J17: 14 | K17: 14 | L17: 14 | M17: 14 | N17: 14 | O17: 14 | P17: 14 | Q17: 14 | R17: 14 | S17: 14 | T17: 14 | U17: 14 | V17: 14 | W17: 14 | X17: 14 | Y17: 14 | Z17: 14 | AA17: 14 | AB17: 14 | AC17: 14 | AD17: 14 | AE17: 14 | AF17: 14 | AG17: 44 | AH17: =MAX(B17:AG17) -> 44 | AI17: =MIN(B17:AG17) -> 14
A18: Mistri Khola(42) | B18: 7.8 | C18: 7.8 | D18: 7.8 | E18: 7.8 | F18: 7.8 | G18: 7.8 | H18: 7.8 | I18: 7.8 | J18: 7.8 | K18: 7.8 | L18: 7.8 | M18: 7.9 | N18: 7.9 | O18: 7.9 | P18: 7.9 | Q18: 7.9 | R18: 7.9 | S18: 7.9 | T18: 7.9 | U18: 7.9 | V18: 7.9 | W18: 7.9 | X18: 7.9 | Y18: 7.9 | Z18: 7.9 | AA18: 7.9 | AB18: 7.9 | AC18: 7.9 | AD18: 7.9 | AE18: 7.9 | AF18: 7.9 | AG18: 42 | AH18: =MAX(B18:AF18) -> 7.9 | AI18: =MIN(B18:AF18) -> 7.8
A19: Upper Chameliya(40) | B19: 12.2 | C19: 12.2 | D19: 12.2 | E19: 12.2 | F19: 12.2 | G19: 12.2 | H19: 12.2 | I19: 12.2 | J19: 12.2 | K19: 12.2 | L19: 12.2 | M19: 12.2 | N19: 12.2 | O19: 12.2 | P19: 12.2 | Q19: 12.2 | R19: 12.2 | S19: 12.2 | T19: 12.2 | U19: 12.2 | V19: 12.2 | W19: 12.2 | X19: 12.2 | Y19: 12.2 | Z19: 12.2 | AA19: 12.2 | AB19: 12.2 | AC19: 12.2 | AD19: 12.2 | AE19: 12.2 | AF19: 12.2 | AG19: 38.46 | AH19: =MAX(B19:AF19) -> 12.2 | AI19: =MIN(B19:AF19) -> 12.2
A20: Upper Kalanga Gad(38.46) | B20: 7.8 | C20: 7.8 | D20: 7.8 | E20: 7.8 | F20: 7.8 | G20: 7.8 | H20: 7.8 | I20: 7.8 | J20: 7.8 | K20: 7.8 | L20: 7.8 | M20: 7.8 | N20: 7.8 | O20: 7.8 | P20: 7.8 | Q20: 7.8 | R20: 7.8 | S20: 7.8 | T20: 7.8 | U20: 7.8 | V20: 7.8 | W20: 7.8 | X20: 7.8 | Y20: 7.8 | Z20: 7.8 | AA20: 7.8 | AB20: 7.8 | AC20: 7.8 | AD20: 7.8 | AE20: 7.8 | AF20: 7.8 | AG20: 38.46 | AH20: =MAX(B20:AF20) -> 7.8 | AI20: =MIN(B20:AF20) -> 7.8
A21: Upper Balefi (36) | B21: 13 | C21: 13 | D21: 13 | E21: 13 | F21: 13 | G21: 13 | H21: 13 | I21: 13 | J21: 13 | K21: 13 | L21: 13 | M21: 13 | N21: 13 | O21: 13 | P21: 13 | Q21: 13 | R21: 13 | S21: 13 | T21: 13 | U21: 13 | V21: 13 | W21: 13 | X21: 13 | Y21: 13 | Z21: 13 | AA21: 13 | AB21: 13 | AC21: 13 | AD21: 13 | AE21: 13 | AF21: 13 | AG21: 36 | AH21: =MAX(B21:AF21) -> 13 | AI21: =MIN(B21:AF21) -> 13
A22: Nyadi(30) | B22: 7.8 | C22: 7.8 | D22: 7.8 | E22: 7.8 | F22: 7.8 | G22: 7.8 | H22: 7.8 | I22: 7.8 | J22: 7.8 | K22: 7.8 | L22: 7.8 | M22: 7.8 | N22: 7.8 | O22: 7.8 | P22: 7.8 | Q22: 7.8 | R22: 7.8 | S22: 7.8 | T22: 7.8 | U22: 7.8 | V22: 7.8 | W22: 7.8 | X22: 7.8 | Y22: 7.8 | Z22: 7.8 | AA22: 7.8 | AB22: 7.8 | AC22: 7.8 | AD22: 7.8 | AE22: 7.8 | AF22: 7.8 | AG22: 30 | AH22: =MAX(B22:AF22) -> 7.8 | AI22: =MIN(B22:AF22) -> 7.8
A23: Likhu Khola A(29.04) | B23: 9 | C23: 9 | D23: 9 | E23: 9 | F23: 9 | G23: 9 | H23: 9 | I23: 9 | J23: 9 | K23: 9 | L23: 9 | M23: 9 | N23: 9 | O23: 9 | P23: 9 | Q23: 9 | R23: 9 | S23: 9 | T23: 9 | U23: 9 | V23: 9 | W23: 9 | X23: 9 | Y23: 9 | Z23: 9 | AA23: 9 | AB23: 9 | AC23: 9 | AD23: 9 | AE23: 9 | AF23: 9 | AG23: 24.2 | AH23: =MAX(B23:AF23) -> 9 | AI23: =MIN(B23:AF23) -> 9
A24: Lower Likhu(28) | B24: 8.2 | C24: 8.2 | D24: 8.2 | E24: 8.2 | F24: 8.2 | G24: 8.2 | H24: 8.2 | I24: 8.2 | J24: 8.2 | K24: 8.2 | L24: 8.2 | M24: 8.2 | N24: 8.2 | O24: 8.2 | P24: 8.2 | Q24: 8.2 | R24: 8.2 | S24: 8.2 | T24: 8.2 | U24: 8.2 | V24: 8.2 | W24: 8.2 | X24: 8.2 | Y24: 8.2 | Z24: 8.2 | AA24: 8.2 | AB24: 8.2 | AC24: 8.2 | AD24: 8.2 | AE24: 8.2 | AF24: 8.2 | AG24: 28 | AH24: =MAX(B24:AF24) -> 8.2 | AI24: =MIN(B24:AF24) -> 8.2
A25: Dordi(27) | B25: 6.4 | C25: 6.4 | D25: 6.4 | E25: 6.4 | F25: 6.4 | G25: 6.4 | H25: 6.4 | I25: 6.4 | J25: 6.4 | K25: 6.4 | L25: 6.4 | M25: 6.4 | N25: 6.4 | O25: 6.4 | P25: 6.4 | Q25: 6.4 | R25: 6.4 | S25: 6.4 | T25: 6.4 | U25: 6.4 | V25: 6.4 | W25: 6.4 | X25: 6.4 | Y25: 6.4 | Z25: 6.4 | AA25: 6.4 | AB25: 6.4 | AC25: 6.4 | AD25: 6.4 | AE25: 6.4 | AF25: 6.4 | AG25: 30 | AH25: =MAX(B25:AF25) -> 6.4 | AI25: =MIN(B25:AF25) -> 6.4
A26: Upper Madi(25) | B26: 6.5 | C26: 6.5 | D26: 6.5 | E26: 6.5 | F26: 6.5 | G26: 6.5 | H26: 6.5 | I26: 6.5 | J26: 6.5 | K26: 6.5 | L26: 6.5 | M26: 6.5 | N26: 6.5 | O26: 6.5 | P26: 6.5 | Q26: 6.5 | R26: 6.5 | S26: 6.5 | T26: 6.5 | U26: 6.5 | V26: 6.5 | W26: 6.5 | X26: 6.5 | Y26: 6.5 | Z26: 6.5 | AA26: 6.5 | AB26: 6.5 | AC26: 6.5 | AD26: 6.5 | AE26: 6.5 | AF26: 6.5 | AG26: 25 | AH26: =MAX(B26:AF26) -> 6.5 | AI26: =MIN(B26:AF26) -> 6.5
A27: Kabeli B-1(25) | B27: 5 | C27: 5 | D27: 5 | E27: 5 | F27: 5 | G27: 5 | H27: 5 | I27: 5 | J27: 5 | K27: 5 | L27: 5 | M27: 5 | N27: 5 | O27: 5 | P27: 5 | Q27: 5 | R27: 5 | S27: 5 | T27: 5 | U27: 5 | V27: 5 | W27: 5 | X27: 5 | Y27: 5 | Z27: 5 | AA27: 5 | AB27: 5 | AC27: 5 | AD27: 5 | AE27: 5 | AF27: 5 | AG27: 25 | AH27: =MAX(B27:AF27) -> 5 | AI27: =MIN(B27:AF27) -> 5
A28: Singati Khola(25) | B28: 6 | C28: 6 | D28: 6 | E28: 6 | F28: 6 | G28: 6 | H28: 6 | I28: 6 | J28: 6 | K28: 6 | L28: 6 | M28: 6 | N28: 6 | O28: 6 | P28: 6 | Q28: 6 | R28: 6 | S28: 6 | T28: 6 | U28: 6 | V28: 6 | W28: 6 | X28: 6 | Y28: 6 | Z28: 6 | AA28: 6 | AB28: 6 | AC28: 6 | AD28: 6 | AE28: 6 | AF28: 6 | AG28: 25 | AH28: =MAX(B28:AF28) -> 6 | AI28: =MIN(B28:AF28) -> 6
A29: Upper Dordi (25) | B29: 7.2 | C29: 7.2 | D29: 7.2 | E29: 7.2 | F29: 7.2 | G29: 7.2 | H29: 7.2 | I29: 7.2 | J29: 7.2 | K29: 7.2 | L29: 7.2 | M29: 7.2 | N29: 7.2 | O29: 7.2 | P29: 7.2 | Q29: 7.2 | R29: 7.2 | S29: 7.2 | T29: 7.2 | U29: 7.2 | V29: 7.2 | W29: 7.2 | X29: 7.2 | Y29: 7.2 | Z29: 7.2 | AA29: 7.2 | AB29: 7.2 | AC29: 7.2 | AD29: 7.2 | AE29: 7.2 | AF29: 7.2 | AG29: 25 | AH29: =MAX(B29:AF29) -> 7.2 | AI29: =MIN(B29:AF29) -> 7.2
... A57: Kabeli Corridor | B57: 18.9 | C57: 18.9 | D57: 18.9 | E57: 18.9 | F57: 18.9 | G57: 18.9 | H57: 18.9 | I57: 22 | J57: 22 | K57: 22 | L57: 22 | M57: 22 | N57: 22 | O57: 20.8 | P57: 20.8 | Q57: 20.8 | R57: 20.8 | S57: 20.8 | T57: 20.8 | U57: 20.8 | V57: 20.8 | W57: 20.8 | X57: 20.8 | Y57: 20.8 | Z57: 20.8 | AA57: 20.8 | AB57: 18.8 | AC57: 18.8 | AD57: 18.8 | AE57: 18.8 | AF57: 18.8 | AG57: 240 | AH57: =MAX(B57:AF57) -> 22 | AI57: =MIN(B57:AF57) -> 18.8
A58: Total IPP | B58: =SUM(B11:B56) -> 485.65 | C58: =SUM(C11:C56) -> 485.65 | D58: =SUM(D11:D56) -> 485.65 | E58: =SUM(E11:E56) -> 485.65 | F58: =SUM(F11:F56) -> 485.65 | G58: =SUM(G11:G56) -> 485.65 | H58: =SUM(H11:H56) -> 485.65 | I58: =SUM(I11:I56) -> 485.65 | ... AF58: =SUM(AF11:AF56) -> 485.55 | AG58: =SUM(AG14:AG56) -> 1042.4 | AH58: =MAX(B58:AF58) -> 485.65 | AI58: =MIN(B58:AF58) -> 481.6
A59: Upper Tamakoshi(456) | B59: 0 | C59: 0 | D59: 0 | E59: 0 | F59: 0 | G59: 0 | H59: 50 | I59: 80 | J59: 60 | K59: 260 | L59: 260 | M59: 260 | N59: 100 | O59: 130 | P59: 80 | Q59: 20 | R59: 90 | S59: 90 | T59: 90 | U59: 70 | V59: 30 | W59: 30 | X59: 175 | Y59: 255 | Z59: 245 | AA59: 210 | AB59: 140 | AC59: 70 | AD59: 30 | AE59: 80 | AF59: 50 | AG59: 456 | AH59: =MAX(B59:AF59) -> 260 | AI59: =MIN(B59:AF59) -> 0
A60: Khimti Khola(60) | B60: 30 | C60: 30 | D60: 30 | E60: 30 | F60: 30 | G60: 30 | H60: 30 | I60: 30 | J60: 30 | K60: 30 | L60: 30 | M60: 26.5 | N60: 26.5 | O60: 26.5 | P60: 27 | Q60: 27 | R60: 27 | S60: 27 | T60: 27 | U60: 27 | V60: 27 | W60: 27 | X60: 27 | Y60: 27 | Z60: 27 | AA60: 27 | AB60: 27.6 | AC60: 27.6 | AD60: 27.6 | AE60: 27.6 | AF60: 27.6 | AG60: 60 | AH60: =MAX(B60:AF60) -> 30 | AI60: =MIN(B60:AF60) -> 26.5
A61: Chilime(22.1) | B61: 15 | C61: 15 | D61: 15 | E61: 15 | F61: 15 | G61: 15 | H61: 15 | I61: 15 | J61: 15 | K61: 15 | L61: 15 | M61: 10.2 | N61: 10.2 | O61: 10.2 | P61: 10.2 | Q61: 10.2 | R61: 10.2 | S61: 10.2 | T61: 10.2 | U61: 10.2 | V61: 10.2 | W61: 10.2 | X61: 10.2 | Y61: 10.2 | Z61: 10.2 | AA61: 10.2 | AB61: 10.3 | AC61: 10.2 | AD61: 10.2 | AE61: 10.2 | AF61: 10.2 | AG61: 22.1 | AH61: =MAX(B61:AF61) -> 15 | AI61: =MIN(B61:AF61) -> 10.2
A62: Total NEA SUBSIDIARIES | B62: =SUM(B59:B61) -> 45 | C62: =SUM(C59:C61) -> 45 | D62: =SUM(D59:D61) -> 45 | E62: =SUM(E59:E61) -> 45 | F62: =SUM(F59:F61) -> 45 | G62: =SUM(G59:G61) -> 45 | H62: =SUM(H59:H61) -> 95 | I62: =SUM(I59:I61) -> 125 | ... AG62: =SUM(AG59:AG61) -> 538.1 | AH62: =MAX(B62:AF62) -> 305 | AI62: =MIN(B62:AF62) -> 45
A63: KGA(144) | B63: 0 | C63: 0 | D63: 0 | E63: 0 | F63: 0 | G63: 0 | H63: 40 | I63: 61 | J63: 71 | K63: 91.6 | L63: 91.6 | M63: 101.25 | N63: 80 | O63: 60 | P63: 96 | Q63: 126 | R63: 60 | S63: 61.5 | T63: 71.4 | U63: 71.5 | V63: 61.1 | W63: 61.1 | X63: 112 | Y63: 111.8 | Z63: 142.2 | AA63: 141.1 | AB63: 140.6 | AC63: 64.7 | AD63: 57.2 | AE63: 30 | AF63: 0 | AG63: 144 | AH63: =MAX(B63:AF63) -> 142.2 | AI63: =MIN(B63:AF63) -> 0
A64: Middle MRS(70) | B64: 0 | C64: 0 | D64: 0 | E64: 0 | F64: 25 | G64: 25 | H64: 25 | I64: 50 | J64: 45 | K64: 45 | L64: 45 | M64: 45 | N64: 30 | O64: 25 | P64: 35 | Q64: 50 | R64: 25 | S64: 25 | T64: 25 | U64: 25 | V64: 25 | W64: 0 | X64: 25 | Y64: 60 | Z64: 60 | AA64: 60 | AB64: 47 | AC64: 30 | AD64: 23 | AE64: 23 | AF64: 0 | AG64: 70 | AH64: =MAX(B64:AF64) -> 60 | AI64: =MIN(B64:AF64) -> 0
A65: MRS(69) | B65: 45 | C65: 45 | D65: 45 | E65: 0 | F65: 0 | G65: 0 | H65: 23.7 | I65: 23.7 | J65: 35 | K65: 35 | L65: 35 | M65: 43.4 | N65: 24 | O65: 18 | P65: 17.7 | Q65: 17.7 | R65: 17.7 | S65: 17.8 | T65: 39.5 | U65: 46.2 | V65: 35.2 | W65: 35.2 | X65: 58.8 | Y65: 67.9 | Z65: 67.9 | AA65: 66.5 | AB65: 66.5 | AC65: 35.8 | AD65: 35 | AE65: 35.1 | AF65: 22.8 | AG65: 69 | AH65: =MAX(B65:AF65) -> 67.9 | AI65: =MIN(B65:AF65) -> 0
A66: U Trisuli 3A(60) | B66: 37 | C66: 37 | D66: 37 | E66: 37 | F66: 37 | G66: 37 | H66: 37 | I66: 37 | J66: 37 | K66: 37 | L66: 37 | M66: 38.5 | N66: 38.5 | O66: 38.5 | P66: 38.5 | Q66: 38.5 | R66: 38.5 | S66: 37.8 | T66: 37.8 | U66: 37.8 | V66: 37.8 | W66: 37.8 | X66: 35 | Y66: 35 | Z66: 35 | AA66: 37.1 | AB66: 37.3 | AC66: 37.1 | AD66: 37.3 | AE66: 37.3 | AF66: 41.3 | AG66: 60 | AH66: =MAX(B66:AF66) -> 41.3 | AI66: =MIN(B66:AF66) -> 35
A67: CHM(30) | B67: 0 | C67: 0 | D67: 0 | E67: 0 | F67: 10 | G67: 10 | H67: 15 | I67: 15 | J67: 23 | K67: 30 | L67: 30 | M67: 29 | N67: 29 | O67: 0 | P67: 0 | Q67: 10 | R67: 10 | S67: 10 | T67: 10 | U67: 10 | V67: 0 | W67: 0 | X67: 10 | Y67: 15 | Z67: 27 | AA67: 15 | AB67: 10 | AC67: 0 | AD67: 0 | AE67: 0 | AF67: 0 | AG67: 30 | AH67: =MAX(B67:AF67) -> 30 | AI67: =MIN(B67:AF67) -> 0
A68: NEA SOLAR(25) | B68: 0 | C68: 0 | D68: 0 | E68: 0 | F68: 0 | G68: 0 | H68: 0 | I68: 0 | J68: 0 | K68: 0 | L68: 1.4 | M68: 4.7 | N68: 4.7 | O68: 13.6 | P68: 16.9 | Q68: 16.9 | R68: 16.9 | S68: 14.8 | T68: 10.9 | U68: 5.9 | V68: 0.8 | W68: 0.8 | X68: 0 | Y68: 0 | Z68: 0 | AA68: 0 | AB68: 0 | AC68: 0 | AD68: 0 | AE68: 0 | AF68: 0 | AG68: 25 | AH68: =MAX(B68:AF68) -> 16.9 | AI68: =MIN(B68:AF68) -> 0
A69: TRI(24) | B69: 15 | C69: 15 | D69: 15 | E69: 15 | F69: 15 | G69: 15 | H69: 15 | I69: 15 | J69: 15 | K69: 15 | L69: 15 | M69: 15 | N69: 15 | O69: 15 | P69: 15 | Q69: 15 | R69: 15 | S69: 15 | T69: 15 | U69: 15 | V69: 15 | W69: 15 | X69: 15 | Y69: 15 | Z69: 15 | AA69: 15 | AB69: 15 | AC69: 15 | AD69: 15 | AE69: 15 | AF69: 15 | AG69: 24 | AH69: =MAX(B69:AF69) -> 15 | AI69: =MIN(B69:AF69) -> 15
A70: GDK(15) | B70: 4 | C70: 4 | D70: 4 | E70: 4 | F70: 4 | G70: 4 | H70: 4 | I70: 4 | J70: 4 | K70: 4 | L70: 4 | M70: 4 | N70: 4 | O70: 4 | P70: 4 | Q70: 0 | R70: 0 | S70: 0 | T70: 4 | U70: 4 | V70: 4 | W70: 4 | X70: 4 | Y70: 4 | Z70: 4 | AA70: 4 | AB70: 4 | AC70: 4 | AD70: 4 | AE70: 4 | AF70: 4 | AG70: 15 | AH70: =MAX(B70:AF70) -> 4 | AI70: =MIN(B70:AF70) -> 0
A71: DEVI(14.1) | B71: 8.4 | C71: 8.4 | D71: 8.4 | E71: 8.4 | F71: 8.4 | G71: 8.4 | H71: 8.4 | I71: 8.4 | J71: 8.4 | K71: 8.4 | L71: 8.4 | M71: 8.4 | N71: 8.4 | O71: 9.9 | P71: 9.9 | Q71: 9.9 | R71: 9.9 | S71: 9.9 | T71: 9.9 | U71: 9.9 | V71: 9.9 | W71: 9.9 | X71: 9.9 | Y71: 9.9 | Z71: 9.9 | AA71: 9.9 | AB71: 9.9 | AC71: 9.9 | AD71: 10.8 | AE71: 10.8 | AF71: 10.8 | AG71: 14.1 | AH71: =MAX(B71:AF71) -> 10.8 | AI71: =MIN(B71:AF71) -> 8.4
A72: MODI(14) | B72: 3.3 | C72: 3.3 | D72: 3.3 | E72: 3.3 | F72: 3.3 | G72: 3.3 | H72: 3.3 | I72: 3.3 | J72: 3.3 | K72: 3.3 | L72: 3.3 | M72: 3.3 | N72: 3.3 | O72: 3.3 | P72: 3.3 | Q72: 3.3 | R72: 3.3 | S72: 3.3 | T72: 3.3 | U72: 3.3 | V72: 3.3 | W72: 3.3 | X72: 3.3 | Y72: 3.3 | Z72: 3.3 | AA72: 3.3 | AB72: 3.3 | AC72: 3.3 | AD72: 3.4 | AE72: 3.4 | AF72: 3.4 | AG72: 14 | AH72: =MAX(B72:AF72) -> 3.4 | AI72: =MIN(B72:AF72) -> 3.3
A73: SUN(10.05) | B73: 2.5 | C73: 2.5 | D73: 2.5 | E73: 2.5 | F73: 2.5 | G73: 2.5 | H73: 2.5 | I73: 2.5 | J73: 2.5 | K73: 2.5 | L73: 2.5 | M73: 2.5 | N73: 2.5 | O73: 2.5 | P73: 2.5 | Q73: 2.5 | R73: 2.5 | S73: 2.5 | T73: 2.5 | U73: 2.5 | V73: 2.5 | W73: 2.5 | X73: 2.5 | Y73: 2.5 | Z73: 2.5 | AA73: 2.5 | AB73: 2.5 | AC73: 2.5 | AD73: 2.5 | AE73: 2.5 | AF73: 2.5 | AG73: 10.05 | AH73: =MAX(B73:AF73) -> 2.5 | AI73: =MIN(B73:AF73) -> 2.5
A74: PUWA(6.2) | B74: 2 | C74: 2 | D74: 2 | E74: 2 | F74: 2 | G74: 2 | H74: 2 | I74: 2 | J74: 2 | K74: 2 | L74: 2 | M74: 2 | N74: 2 | O74: 2 | P74: 2 | Q74: 2 | R74: 2 | S74: 2 | T74: 2 | U74: 2 | V74: 2 | W74: 2 | X74: 2 | Y74: 2 | Z74: 2 | AA74: 2 | AB74: 2 | AC74: 2 | AD74: 2 | AE74: 2 | AF74: 2 | AG74: 6.2 | AH74: =MAX(B74:AF74) -> 2 | AI74: =MIN(B74:AF74) -> 2
A75: Other NEA Small | B75: 3.54 | C75: 3.54 | D75: 3.54 | E75: 3.54 | F75: 3.54 | G75: 3.54 | H75: 3.54 | I75: 3.54 | J75: 3.54 | K75: 3.54 | L75: 3.54 | M75: 3.54 | N75: 3.54 | O75: 3.54 | P75: 3.54 | Q75: 3.54 | R75: 3.54 | S75: 3.54 | T75: 3.54 | U75: 3.54 | V75: 3.54 | W75: 3.54 | X75: 3.54 | Y75: 3.54 | Z75: 3.54 | AA75: 3.54 | AB75: 3.54 | AC75: 3.54 | AD75: 3.54 | AE75: 3.54 | AF75: 3.54 | AG75: =AG252 -> 8.56 | AH75: =MAX(B75:AF75) -> 3.54 | AI75: =MIN(B75:AF75) -> 3.54
A76: Total ROR | B76: =SUM(B63:B75) -> 120.74 | C76: =SUM(C63:C75) -> 120.74 | D76: =SUM(D63:D75) -> 120.74 | E76: =SUM(E63:E75) -> 75.74 | F76: =SUM(F63:F75) -> 110.74 | G76: =SUM(G63:G75) -> 110.74 | H76: =SUM(H63:H75) -> 179.44 | I76: =SUM(I63:I75) -> 225.44 | ... AG76: =SUM(AG63:AG75) -> 489.91 | AH76: =MAX(B76:AF76) -> 372.34 | AI76: =MIN(B76:AF76) -> 75.74
A77: KL1(60) | AG77: 60 | AH77: =MAX(B77:AF77) -> 0 | AI77: =MIN(B77:AF77) -> 0
A78: KL2(32) | AG78: 32 | AH78: =MAX(B78:AF78) -> 0 | AI78: =MIN(B78:AF78) -> 0
A79: KL3(14) | AG79: 14 | AH79: =MAX(B79:AF79) -> 0 | AI79: =MIN(B79:AF79) -> 0
A80: Total STORGE | B80: =B77+B78+B79 -> 0 | C80: =C77+C78+C79 -> 0 | D80: =D77+D78+D79 -> 0 | E80: =E77+E78+E79 -> 0 | F80: =F77+F78+F79 -> 0 | G80: =G77+G78+G79 -> 0 | H80: =H77+H78+H79 -> 0 | I80: =I77+I78+I79 -> 0 | ... AF80: =AF77+AF78+AF79 -> 0 | AG80: =SUM(AG77:AG79) -> 106 | AH80: =MAX(B80:AF80) -> 0 | AI80: =MIN(B80:AF80) -> 0
A81: TANAKPUR | B81: 62 | C81: 65 | D81: 67 | E81: 69.6 | F81: 63.8 | G81: 64.2 | H81: 72.5 | I81: 72.6 | J81: 66 | K81: 62.3 | L81: 69.2 | M81: 62.5 | N81: 62 | O81: 59.6 | P81: 68.1 | Q81: 74 | R81: 62.8 | S81: 59.6 | T81: 61 | U81: 64.8 | V81: 68.1 | W81: 68.1 | X81: 60.4 | Y81: 63.7 | Z81: 56.9 | AA81: 53 | AB81: 50.083 | AC81: 69.7 | AD81: 47.7 | AE81: 61 | AF81: 60.7 | AH81: =MAX(B81:AF81) -> 74 | AI81: =MIN(B81:AF81) -> 47.7
A82: KATAIYA | AH82: =MAX(B82:AF82) -> 0 | AI82: =MIN(B82:AF82) -> 0
A83: MUJAFFARPUR | B83: 390 | C83: 420 | D83: 400 | E83: 388 | F83: 391.7 | G83: 420 | H83: 402 | I83: 372.1 | J83: 400 | K83: 202 | L83: 263 | M83: 234 | N83: 200 | O83: 395 | P83: 388 | Q83: 415 | R83: 426 | S83: 423.3 | T83: 424.2 | U83: 462.1 | V83: 402 | W83: 402 | X83: 201 | Y83: 202.1 | Z83: 154 | AA83: 173.6 | AB83: 197.7 | AC83: 322 | AD83: 368.4 | AE83: 368 | AF83: 391.1 | AH83: =MAX(B83:AF83) -> 462.1 | AI83: =MIN(B83:AF83) -> 154
A84: RAMNAGAR | B84: 60 | C84: 60 | D84: 60 | E84: 57 | F84: 54 | G84: 52 | H84: 48 | I84: 48 | J84: 42 | K84: 25 | L84: 25 | M84: 28 | N84: 29.6 | O84: 30.2 | P84: 42 | Q84: 48 | R84: 0 | S84: 0 | T84: 0 | U84: 0 | V84: 0 | W84: 0 | X84: 0 | Y84: 0 | Z84: 0 | AA84: 0 | AB84: 0 | AC84: 0 | AD84: 0 | AE84: 0 | AF84: 0 | AH84: =MAX(B84:AF84) -> 60 | AI84: =MIN(B84:AF84) -> 0
A85: RAXAUL 132 | B85: 22 | C85: 23 | D85: 22 | E85: 24 | F85: 22.4 | G85: 24 | H85: 22 | I85: 22.2 | J85: 24 | K85: 25 | L85: 25 | M85: 13 | N85: 32 | O85: 32.6 | P85: 32.6 | Q85: 32 | R85: 90 | S85: =57.4*2 -> 114.8 | T85: 120.8 | U85: =60.6*2 -> 121.2 | V85: 56.4 | W85: 56.4 | X85: 29.6 | Y85: 31.6 | Z85: 31 | AA85: 43.4 | AB85: 54.8 | AC85: 60 | AD85: 80 | AE85: 110 | AF85: 102 | AH85: =MAX(B85:AF85) -> 121.2 | AI85: =MIN(B85:AF85) -> 13
A86: NANPARA(33kV) | AH86: =MAX(B86:AF86) -> 0 | AI86: =MIN(B86:AF86) -> 0
A87: BISHANPUR(33kV) | AH87: =MAX(B87:AF87) -> 0 | AI87: =MIN(B87:AF87) -> 0 | AL87: UTK Discharge Test
A88: JALESHWOR(33kV) | AH88: =MAX(B88:AF88) -> 0 | AI88: =MIN(B88:AF88) -> 0
A89: RAJBIRAJ(33kV) | AH89: =MAX(B89:AF89) -> 0 | AI89: =MIN(B89:AF89) -> 0 | AK89: Line1
A90: RAXAUL(33kV) | AH90: =MAX(B90:AF90) -> 0 | AI90: =MIN(B90:AF90) -> 0 | AK90: Line 2
A91: SAMPATIYA 132 kV | B91: 0 | C91: 0 | D91: 0 | E91: 0 | F91: 0 | G91: 0 | H91: 49 | I91: 45.6 | J91: 77 | K91: 73.4 | L91: 77.1 | M91: 74.4 | N91: 71 | O91: 74.5 | P91: 79.3 | Q91: 64.7 | R91: 66.2 | S91: 72.9 | T91: 75.9 | U91: 70 | V91: 60.1 | W91: 60.1 | X91: 69.5 | Y91: 80 | Z91: 71 | AA91: 68.7 | AB91: 66 | AC91: 65.8 | AD91: 69.4 | AE91: 72.1 | AF91: 67.5 | AH91: =MAX(B91:AF91) -> 80 | AI91: =MIN(B91:AF91) -> 0
